Date,Open,High,Low,Close,Income,Volume
3-Jan-13,-0.008257,0.181362,0.181362,0.153009,-0.244627,16739300
4-Jan-13,-0.012633,0.178264,0.187453,0.165672,-0.371185,21372100
7-Jan-13,0.002035,0.177139,0.22195,0.177139,0.059046,17897100
8-Jan-13,-0.021764,0.179564,0.191604,0.147572,-0.632691,17863300
9-Jan-13,0.005636,0.181895,0.193851,0.181895,0.160282,18800400
10-Jan-13,0.00295,0.17702,0.188909,0.16548,0.084357,15658100
11-Jan-13,0.00744,0.171117,0.181925,0.16275,0.213403,11191500
14-Jan-13,0.00709,0.177003,0.185309,0.169736,0.20487,11584900
15-Jan-13,0.014961,0.158408,0.193115,0.158408,0.435359,13040200
16-Jan-13,0.027168,0.167064,0.203292,0.166387,0.802415,16512700
17-Jan-13,0.024761,0.178388,0.209702,0.178388,0.751194,14424800
18-Jan-13,0.024712,0.171788,0.200415,0.159243,0.768273,17842200
22-Jan-13,-0.024116,0.160793,0.169268,0.127834,-0.768273,15809700
23-Jan-13,0.037892,0.187227,0.217141,0.174039,1.178019,10981600
24-Jan-13,-0.008995,0.171156,0.193779,0.153801,-0.290241,11327100
25-Jan-13,0.003737,0.173342,0.183349,0.145822,0.119499,8934600
28-Jan-13,-0.018883,0.173024,0.179878,0.143737,-0.606073,7140100
29-Jan-13,0.011385,0.16575,0.189567,0.151142,0.358531,8838500
30-Jan-13,-0.010185,0.155767,0.178373,0.155767,-0.324388,10841800
31-Jan-13,-0.006499,0.168611,0.171466,0.15053,-0.204868,10720700
1-Feb-13,0.013355,0.176255,0.18775,0.166038,0.418274,9527500
4-Feb-13,0.00269,0.154452,0.175247,0.151616,0.085376,6348000
5-Feb-13,-0.002146,0.175865,0.185606,0.168323,-0.068298,7284400
6-Feb-13,-0.001613,0.163908,0.173985,0.160759,-0.051216,5738900
7-Feb-13,-0.019386,0.185029,0.185029,0.1292,-0.614615,9872500
8-Feb-13,-0.004667,0.169858,0.171466,0.152488,-0.145109,13858700
11-Feb-13,-0.011035,0.167588,0.169203,0.155307,-0.341457,6032100
12-Feb-13,-0.011995,0.168852,0.1731,0.150226,-0.367068,7473800
13-Feb-13,-0.004235,0.171466,0.176427,0.162536,-0.128038,4859800
14-Feb-13,0.036858,0.164159,0.219958,0.16283,1.109711,7570100
15-Feb-13,0.027619,0.182998,0.211188,0.182998,0.862175,13296300
19-Feb-13,0.016232,0.170219,0.194845,0.156815,0.520714,8292700
20-Feb-13,0.010998,0.170546,0.2003,0.153675,0.358524,8096400
21-Feb-13,0.004403,0.167825,0.184209,0.158723,0.145115,7260900
22-Feb-13,-0.008252,0.171768,0.17358,0.152133,-0.273167,4490400
25-Feb-13,-0.028341,0.173903,0.176035,0.138265,-0.930443,4665600
26-Feb-13,-0.007493,0.178676,0.178676,0.158613,-0.239025,4463000
27-Feb-13,-0.009706,0.167676,0.167992,0.149673,-0.307306,12238400
28-Feb-13,0.005173,0.169233,0.184542,0.16413,0.162189,10321000
1-Mar-13,0.024106,0.167658,0.207955,0.159726,0.75973,8929400
4-Mar-13,0.011373,0.162791,0.185098,0.162791,0.367073,5420800
5-Mar-13,-0.01909,0.177899,0.181575,0.142363,-0.623165,6650400
6-Mar-13,0.006132,0.173028,0.182397,0.167094,0.196346,5489500
7-Mar-13,-0.006624,0.168672,0.179847,0.162154,-0.213413,4442500
8-Mar-13,-0.004001,0.176153,0.176466,0.161154,-0.128042,4114500
11-Mar-13,0.008837,0.168642,0.196878,0.163309,0.281686,4614400
12-Mar-13,-0.013273,0.172399,0.191058,0.152185,-0.426811,6523900
13-Mar-13,0,0.172412,0.184703,0.167369,0,3710600
14-Mar-13,0.010493,0.17966,0.184703,0.161696,0.332924,9859700
15-Mar-13,0.025027,0.167723,0.202031,0.162733,0.802418,12208300
18-Mar-13,-0.008831,0.157773,0.171161,0.155948,-0.290238,5178700
19-Mar-13,0.005241,0.174229,0.178833,0.161642,0.170723,5108400
20-Mar-13,0.018248,0.175741,0.196813,0.172993,0.59755,7072900
21-Mar-13,-0.014593,0.164268,0.168766,0.154071,-0.48658,4736100
22-Mar-13,0.012471,0.173901,0.186075,0.165683,0.409744,3323400
25-Mar-13,0.008981,0.175975,0.187999,0.170263,0.298771,6065000
26-Mar-13,0.022635,0.178914,0.207218,0.178914,0.759727,7249500
27-Mar-13,-0.001492,0.171757,0.173797,0.155443,-0.051212,4274800
28-Mar-13,0.015691,0.174675,0.190431,0.16067,0.537789,7263400
1-Apr-13,0.008337,0.14791,0.181807,0.14791,0.290233,5740000
2-Apr-13,-0.009971,0.174315,0.174315,0.154372,-0.349991,5510700
3-Apr-13,-0.003439,0.172617,0.19276,0.161107,-0.119499,4122100
4-Apr-13,0.025388,0.177241,0.206405,0.172909,0.879231,20687600
5-Apr-13,-0.006971,0.163299,0.16865,0.157104,-0.247544,14089800
8-Apr-13,0.011135,0.170331,0.187346,0.16466,0.392662,16449200
9-Apr-13,0.018674,0.176795,0.221668,0.172307,0.665837,8673900
10-Apr-13,0.025147,0.174219,0.205054,0.170089,0.913376,7809200
11-Apr-13,-0.000462,0.166095,0.173883,0.157769,-0.017216,6494100
12-Apr-13,-0.002546,0.154543,0.163141,0.145139,-0.094776,4199800
15-Apr-13,-0.038292,0.154797,0.159107,0.115469,-1.421521,7152500
16-Apr-13,0.024372,0.167165,0.191254,0.15204,0.87014,6998000
17-Apr-13,-0.004947,0.152247,0.160177,0.13256,-0.180915,5046200
18-Apr-13,0.001894,0.164295,0.171715,0.151105,0.068912,5009000
19-Apr-13,0.001654,0.165935,0.167855,0.157432,0.060307,6493200
22-Apr-13,0.042699,0.177427,0.227536,0.174141,1.559372,8531300
23-Apr-13,0.021267,0.17149,0.216396,0.165976,0.809848,9378100
24-Apr-13,-0.018166,0.160723,0.165866,0.129867,-0.706459,5541300
25-Apr-13,-0.001805,0.171985,0.173033,0.146057,-0.068916,5236900
26-Apr-13,0.036166,0.179351,0.215034,0.174104,1.378445,10096800
29-Apr-13,-0.013307,0.16047,0.163002,0.14072,-0.525532,6024700
30-Apr-13,0.018129,0.156104,0.186386,0.155077,0.706451,6798600
1-May-13,-0.010858,0.15291,0.161732,0.148121,-0.43077,6398100
2-May-13,-0.034248,0.164036,0.164036,0.117658,-1.343987,9649400
3-May-13,0.015685,0.169167,0.181305,0.156502,0.594456,4641200
6-May-13,-0.002014,0.167738,0.167738,0.146955,-0.077538,4085700
7-May-13,0.007177,0.158381,0.171396,0.156298,0.275692,3745600
8-May-13,-0.031619,0.163308,0.164342,0.121438,-1.223369,6973200
9-May-13,0.017245,0.15672,0.186345,0.154318,0.646152,5046900
10-May-13,0.017405,0.159936,0.180926,0.159674,0.663368,4455800
13-May-13,-0.010442,0.15505,0.15505,0.139061,-0.404911,3738400
14-May-13,0.018186,0.148996,0.186262,0.148996,0.697842,5760300
15-May-13,0.014994,0.170193,0.201163,0.164051,0.585838,6702500
16-May-13,0.00391,0.16148,0.182662,0.160219,0.155071,4605300
17-May-13,0.020775,0.156202,0.189107,0.151681,0.827076,5244800
20-May-13,-0.019292,0.159493,0.159985,0.133655,-0.784,3537800
21-May-13,0.006053,0.158967,0.178287,0.158465,0.241234,4708800
22-May-13,0.004727,0.158728,0.197136,0.143514,0.189541,5203500
23-May-13,-0.003636,0.144836,0.16544,0.142354,-0.146466,3306200
24-May-13,-0.024683,0.152253,0.157983,0.128834,-0.990764,4511700
28-May-13,-0.0011,0.172218,0.17605,0.141821,-0.043076,6181800
29-May-13,-0.033267,0.147937,0.155353,0.119808,-1.300911,6908400
30-May-13,0.015269,0.165749,0.193524,0.165749,0.577225,4852200
31-May-13,-0.041751,0.153428,0.164371,0.112002,-1.602455,9308800
3-Jun-13,0.015695,0.16589,0.184922,0.162355,0.577232,7176800
4-Jun-13,0.006227,0.16233,0.190438,0.161259,0.232624,4528400
5-Jun-13,-0.013523,0.156999,0.167906,0.135716,-0.50832,4801300
6-Jun-13,0.010688,0.165578,0.175017,0.150206,0.396306,4261300
7-Jun-13,0.011494,0.166594,0.18127,0.160724,0.43077,5463200
10-Jun-13,-0.001818,0.169429,0.169429,0.140147,-0.068924,4702700
11-Jun-13,-0.007514,0.144602,0.164159,0.137731,-0.284305,3574800
12-Jun-13,-0.018812,0.169244,0.171641,0.137557,-0.706455,3742600
13-Jun-13,0.008885,0.151225,0.172393,0.088263,0.327381,6096500
14-Jun-13,0.001391,0.15615,0.170138,0.143239,0.051704,4078500
17-Jun-13,-0.004629,0.165827,0.168513,0.146486,-0.172321,3457700
18-Jun-13,0.012323,0.159644,0.175567,0.150468,0.456615,3644900
19-Jun-13,-0.011484,0.161257,0.168455,0.146594,-0.430771,3663300
20-Jun-13,-0.046004,0.150206,0.153712,0.103281,-1.705825,7474900
21-Jun-13,0.037993,0.177685,0.207367,0.164681,1.343986,9825700
24-Jun-13,-0.017128,0.145745,0.154732,0.125319,-0.628918,6042400
25-Jun-13,0.017666,0.167928,0.185107,0.152965,0.637543,4686900
26-Jun-13,0.017593,0.17352,0.187406,0.171614,0.646141,4733700
27-Jun-13,-0.005763,0.16554,0.176778,0.143599,-0.215378,5163900
28-Jun-13,-0.041503,0.144576,0.156417,0.112012,-1.542148,10753100
1-Jul-13,0.006531,0.162408,0.177289,0.153143,0.23262,4588200
2-Jul-13,0.014419,0.159886,0.187503,0.159886,0.516914,4365900
3-Jul-13,0.000474,0.151649,0.163473,0.144224,0.017228,2417500
5-Jul-13,0.011603,0.16677,0.177215,0.162922,0.422153,2743700
8-Jul-13,0.022472,0.165614,0.187079,0.16344,0.827068,3978300
9-Jul-13,-0.008242,0.169227,0.175339,0.149297,-0.31015,3805700
10-Jul-13,0.01362,0.161795,0.182159,0.161795,0.508309,3080100
11-Jul-13,0.006205,0.161516,0.16601,0.145392,0.234745,4061400
12-Jul-13,0.029009,0.15409,0.18509,0.150675,1.104202,5693900
15-Jul-13,-0.009545,0.147597,0.148107,0.137129,-0.373859,3265800
16-Jul-13,-0.018153,0.148088,0.154016,0.126435,-0.704255,3714500
17-Jul-13,0.003424,0.15435,0.159076,0.148312,0.130421,3645400
18-Jul-13,0.008189,0.15015,0.165848,0.146225,0.312996,3043700
19-Jul-13,0.004513,0.154562,0.165461,0.14496,0.173889,4317900
22-Jul-13,0.010108,0.144466,0.165134,0.131549,0.391255,3810500
23-Jul-13,-0.014676,0.148871,0.153219,0.131224,-0.573826,3535100
24-Jul-13,-0.015121,0.149371,0.151707,0.126269,-0.582546,3088100
25-Jul-13,0.013749,0.144088,0.170971,0.142507,0.521675,4088500
26-Jul-13,0.012432,0.170168,0.173028,0.14833,0.478199,4491100
29-Jul-13,0.006028,0.148352,0.167098,0.141933,0.23476,4326200
30-Jul-13,-0.007989,0.15066,0.154489,0.128198,-0.313004,3619700
31-Jul-13,0.01745,0.153752,0.181283,0.15298,0.67817,6020600
1-Aug-13,-0.005057,0.141551,0.160771,0.139022,-0.199974,3652400
2-Aug-13,0.001547,0.146591,0.154471,0.138966,0.060852,3190700
5-Aug-13,-0.01346,0.143298,0.151419,0.128832,-0.530354,2953500
6-Aug-13,0.003802,0.142689,0.157352,0.142689,0.147804,4980600
7-Aug-13,-0.006908,0.145537,0.149637,0.133236,-0.269539,3299400
8-Aug-13,0.010994,0.157633,0.165891,0.151182,0.426045,2892400
9-Aug-13,-0.007767,0.146066,0.148618,0.13509,-0.30431,3290800
12-Aug-13,0.007381,0.150149,0.162755,0.141918,0.286911,3826400
13-Aug-13,-0.002442,0.152193,0.153725,0.140957,-0.095631,2791800
14-Aug-13,-0.00779,0.148102,0.157829,0.137862,-0.304313,2990500
15-Aug-13,-0.030731,0.150666,0.151182,0.11274,-1.191155,4363100
16-Aug-13,-0.00486,0.142963,0.148287,0.129122,-0.182586,6093300
19-Aug-13,0.008605,0.150417,0.171815,0.148812,0.321701,3326900
20-Aug-13,-0.009223,0.148028,0.153067,0.13636,-0.347779,2803000
21-Aug-13,-0.01536,0.146135,0.147741,0.130878,-0.573841,4118800
22-Aug-13,0.014417,0.152596,0.171625,0.149606,0.530365,4077700
23-Aug-13,0.011883,0.152561,0.165692,0.148274,0.443424,2738100
26-Aug-13,0.00046,0.15015,0.158359,0.143794,0.017388,3493400
27-Aug-13,-0.018872,0.138767,0.14062,0.12765,-0.712952,4473000
28-Aug-13,-0.001642,0.147452,0.155006,0.142595,-0.060856,3009700
29-Aug-13,0.00141,0.143664,0.164472,0.142042,0.052163,2788900
30-Aug-13,-0.000235,0.153928,0.161214,0.141514,-0.008698,3170700
3-Sep-13,-0.000469,0.160677,0.168235,0.142052,-0.017391,2925600
4-Sep-13,0.012679,0.15042,0.165003,0.15015,0.469505,3190700
5-Sep-13,0.008811,0.147483,0.164283,0.146683,0.330399,3355500
6-Sep-13,0.008733,0.150678,0.172354,0.13376,0.330387,3992200
9-Sep-13,0.012304,0.149888,0.164563,0.13993,0.469509,3287500
10-Sep-13,0.007878,0.154033,0.159987,0.141607,0.30431,4282300
11-Sep-13,0.003796,0.15092,0.15503,0.140133,0.147804,3441700
12-Sep-13,-0.005562,0.147335,0.15015,0.138635,-0.217358,2597900
13-Sep-13,0.00425,0.150407,0.155038,0.143202,0.165188,2273500
16-Sep-13,0.020718,0.161167,0.177309,0.157836,0.808598,3531700
17-Sep-13,0.038847,0.15266,0.19734,0.151154,1.547615,7293800
18-Sep-13,0.006723,0.140243,0.169963,0.132753,0.278232,6689400
19-Sep-13,-0.010852,0.15711,0.15759,0.135509,-0.452121,5326500
20-Sep-13,0.009283,0.15112,0.164709,0.148451,0.38256,10495300
23-Sep-13,-0.015468,0.143418,0.143418,0.128272,-0.643394,3179500
24-Sep-13,-0.023779,0.146487,0.146487,0.121823,-0.973789,7162700
25-Sep-13,-0.014136,0.152901,0.154652,0.126136,-0.565136,4571900
26-Sep-13,-0.00728,0.15015,0.157508,0.136956,-0.28693,5033900
27-Sep-13,-0.014888,0.146827,0.147594,0.125102,-0.582516,6617300
30-Sep-13,0.009023,0.155079,0.166235,0.142366,0.347767,5818400
1-Oct-13,0.023921,0.152207,0.180234,0.152207,0.930321,4159700
2-Oct-13,0.003275,0.138598,0.154419,0.133073,0.130413,4056800
3-Oct-13,0.001306,0.141389,0.159912,0.128874,0.052177,7020800
4-Oct-13,0.01717,0.154399,0.171898,0.149899,0.686852,4141400
7-Oct-13,-0.015171,0.133438,0.154574,0.132701,-0.617295,4703700
8-Oct-13,-0.034064,0.15514,0.155889,0.107727,-1.365055,7091500
9-Oct-13,0.006514,0.155317,0.170559,0.144983,0.252144,5113000
10-Oct-13,0.028597,0.157593,0.17248,0.14245,1.114147,3967500
11-Oct-13,-0.000656,0.140382,0.140382,0.121916,-0.026306,2985700
14-Oct-13,0.014896,0.128896,0.159859,0.1254,0.596554,3377300
15-Oct-13,-0.005396,0.132994,0.141113,0.125612,-0.219326,3533300
16-Oct-13,0.021268,0.145572,0.16932,0.142851,0.859745,4399900
17-Oct-13,0.023587,0.137218,0.170402,0.137218,0.973774,7242400
18-Oct-13,0.003322,0.144852,0.158341,0.130417,0.140365,9212900
21-Oct-13,0.000414,0.133986,0.145072,0.126439,0.01754,4713200
22-Oct-13,0.013444,0.140826,0.162516,0.134225,0.57024,6937500
23-Oct-13,-0.013673,0.1343,0.136626,0.123133,-0.58778,4130300
24-Oct-13,-0.008276,0.146958,0.155213,0.125967,-0.350914,5077900
25-Oct-13,0.028583,0.167708,0.185069,0.154866,1.201878,6956800
28-Oct-13,0.002434,0.135952,0.155374,0.132253,0.105274,5555000
29-Oct-13,0.007487,0.141267,0.157874,0.141267,0.324597,5022900
30-Oct-13,-0.019884,0.134846,0.134846,0.115386,-0.868515,4011600
31-Oct-13,-0.007172,0.13708,0.144555,0.131474,-0.307045,4563700
1-Nov-13,0.010526,0.144353,0.160587,0.141059,0.447414,3866900
4-Nov-13,-0.004085,0.145238,0.145238,0.117532,-0.175465,4095600
5-Nov-13,-0.0121,0.135909,0.139883,0.122817,-0.517589,4095400
6-Nov-13,-0.002491,0.147692,0.153371,0.13586,-0.105274,4308100
7-Nov-13,-0.016857,0.142729,0.147237,0.119244,-0.710595,4444900
8-Nov-13,0.016723,0.137228,0.160634,0.12999,0.693043,5190900
11-Nov-13,0.011243,0.144629,0.155072,0.14368,0.47374,2282900
12-Nov-13,-0.022442,0.137066,0.137771,0.109608,-0.956238,5351100
13-Nov-13,0.007793,0.137002,0.150686,0.135321,0.324589,3745100
14-Nov-13,0.003971,0.143218,0.154653,0.136071,0.166679,3411800
15-Nov-13,0.008327,0.139646,0.15673,0.138934,0.350926,6257100
18-Nov-13,0.008877,0.150472,0.175651,0.146707,0.377227,8585700
19-Nov-13,-0.00839,0.136617,0.142915,0.12822,-0.359684,4050700
20-Nov-13,-0.010524,0.138942,0.141765,0.125064,-0.447422,3120300
21-Nov-13,0.01293,0.147728,0.156999,0.140834,0.543923,4459800
22-Nov-13,0.007618,0.14176,0.15326,0.139883,0.324592,5810100
25-Nov-13,-0.01083,0.14128,0.147802,0.125442,-0.464962,3343200
26-Nov-13,0.003925,0.139176,0.158014,0.137528,0.166684,4732300
27-Nov-13,-0.007202,0.145277,0.148092,0.131439,-0.307049,3414900
29-Nov-13,0.004145,0.144135,0.155948,0.13563,0.175461,4044300
2-Dec-13,-0.001238,0.140824,0.145294,0.129766,-0.052636,4321900
3-Dec-13,0.032651,0.157314,0.183933,0.153545,1.386109,9480100
4-Dec-13,-0.006004,0.134864,0.147182,0.124599,-0.263188,5309200
5-Dec-13,0.001812,0.134145,0.149062,0.125654,0.078957,5449100
6-Dec-13,0.031953,0.149275,0.179742,0.146526,1.394878,7285800
9-Dec-13,-0.002726,0.142103,0.150094,0.127008,-0.122821,5470800
10-Dec-13,0.018161,0.140773,0.204879,0.128976,0.815879,14906900
11-Dec-13,0.010165,0.151469,0.164149,0.137259,0.464951,10775500
12-Dec-13,-0.005316,0.137502,0.138801,0.121054,-0.245632,7766400
13-Dec-13,-0.000382,0.137925,0.144452,0.127916,-0.017548,6465300
16-Dec-13,0.019095,0.162737,0.192339,0.15316,0.877281,9846300
17-Dec-13,0.004872,0.141164,0.15163,0.13198,0.228096,7987300
18-Dec-13,0.012866,0.121816,0.156886,0.109914,0.605328,9635600
19-Dec-13,-0.031112,0.11659,0.11659,0.091618,-1.482609,8383400
20-Dec-13,-0.00076,0.142915,0.148113,0.132519,-0.035091,12471800
23-Dec-13,-0.00019,0.142917,0.147469,0.132297,-0.008778,4957700
24-Dec-13,-0.004184,0.144219,0.144435,0.133379,-0.193001,1747000
26-Dec-13,0.012032,0.14489,0.155122,0.139447,0.552689,2401500
27-Dec-13,-0.008304,0.138377,0.141173,0.126761,-0.386009,2354100
30-Dec-13,0.008754,0.143787,0.150295,0.140967,0.403549,2898800
31-Dec-13,-0.003773,0.139453,0.140958,0.125906,-0.175453,3019700
2-Jan-14,-0.015717,0.124989,0.129522,0.112039,-0.728146,4569100
3-Jan-14,0.006156,0.145804,0.155014,0.139664,0.280728,4794300
6-Jan-14,-0.03652,0.148601,0.148601,0.090408,-1.675606,11871100
7-Jan-14,0.001985,0.150062,0.158432,0.137847,0.087734,9719900
8-Jan-14,-0.002575,0.143043,0.15388,0.134239,-0.114056,6811100
9-Jan-14,0.017077,0.145089,0.169082,0.128792,0.754467,6960300
10-Jan-14,-0.006248,0.140996,0.145892,0.129646,-0.280731,5517700
13-Jan-14,-0.013267,0.134508,0.1363,0.111666,-0.59243,7055200
14-Jan-14,0.015452,0.133421,0.154755,0.126386,0.680851,6610800
15-Jan-14,-0.009684,0.132043,0.13249,0.119079,-0.433266,4728400
16-Jan-14,0.007783,0.130699,0.142435,0.128894,0.344845,4972300
17-Jan-14,-0.008713,0.13406,0.134508,0.119952,-0.389061,8606800
21-Jan-14,-0.001199,0.135443,0.150354,0.127536,-0.053058,5823000
22-Jan-14,-0.0184,0.130473,0.130925,0.099712,-0.813485,8181700
23-Jan-14,-0.004279,0.12309,0.130464,0.115026,-0.185695,7270500
24-Jan-14,-0.022099,0.120511,0.136248,0.105469,-0.95496,9197900
27-Jan-14,-0.020088,0.130925,0.131871,0.098504,-0.848869,10749800
28-Jan-14,0.018364,0.136962,0.17053,0.136962,0.760437,12298600
29-Jan-14,-0.001678,0.118119,0.134482,0.114088,-0.07074,7608500
30-Jan-14,0.014703,0.139476,0.161093,0.137814,0.618965,7669500
31-Jan-14,0.019044,0.169083,0.183363,0.148716,0.813492,12863500
3-Feb-14,-0.038188,0.13483,0.136898,0.081075,-1.662361,10314600
4-Feb-14,0.012672,0.126865,0.145733,0.121371,0.530544,9606100
5-Feb-14,-0.004588,0.126444,0.133755,0.112292,-0.194531,6987100
6-Feb-14,0.00419,0.134716,0.141587,0.124291,0.17685,4957800
7-Feb-14,0.020029,0.132577,0.15688,0.124554,0.848862,6979500
10-Feb-14,0.0135,0.127686,0.160997,0.126992,0.583591,7907500
11-Feb-14,0.00222,0.12773,0.140511,0.119285,0.097263,7217600
12-Feb-14,0.018123,0.130242,0.159847,0.129331,0.795811,6534500
13-Feb-14,-0.004153,0.125109,0.13003,0.115715,-0.185684,4946000
14-Feb-14,0.007547,0.135642,0.143503,0.126882,0.33601,4118700
18-Feb-14,0.01439,0.128918,0.149428,0.127135,0.645489,4984900
19-Feb-14,-0.005247,0.124552,0.139716,0.112904,-0.238755,5242800
20-Feb-14,0.013089,0.130925,0.15125,0.120762,0.592442,6078900
21-Feb-14,-0.015812,0.130053,0.133324,0.112389,-0.725071,5842700
24-Feb-14,-0.003723,0.13026,0.142447,0.126272,-0.168003,5693000
25-Feb-14,-0.002557,0.132704,0.137152,0.123141,-0.114952,5425000
26-Feb-14,0.000394,0.113756,0.136499,0.11331,0.017688,5710700
27-Feb-14,0.00335,0.127804,0.134937,0.124907,0.150319,5052900
28-Feb-14,0,0.12937,0.15425,0.122039,0,7095600
3-Mar-14,-0.016107,0.118263,0.129814,0.106045,-0.725079,6817700
4-Mar-14,0.029946,0.145375,0.167953,0.140859,1.326359,6198000
5-Mar-14,0.002132,0.132898,0.142543,0.124568,0.097271,5251100
6-Mar-14,0.006576,0.138362,0.154331,0.136831,0.300628,6529000
7-Mar-14,-0.011145,0.135489,0.140922,0.108541,-0.512847,5860700
10-Mar-14,0.003886,0.140595,0.140595,0.117739,0.176845,3086000
11-Mar-14,0.001742,0.131363,0.141433,0.127422,0.079575,3629800
12-Mar-14,-0.002126,0.124587,0.130706,0.116065,-0.097264,3924800
13-Mar-14,-0.006197,0.1364,0.140999,0.119975,-0.282955,4839400
14-Mar-14,-0.002143,0.129382,0.133129,0.119466,-0.097263,5466700
17-Mar-14,0.015036,0.136667,0.152567,0.132029,0.680858,3875500
18-Mar-14,0.021547,0.133101,0.157904,0.130707,0.990342,4712300
19-Mar-14,0.000188,0.130712,0.140083,0.116868,0.008842,6408600
20-Mar-14,0.010732,0.125601,0.145618,0.118361,0.504013,6922700
21-Mar-14,-0.004098,0.142302,0.153046,0.118495,-0.19453,12930500
24-Mar-14,-0.039282,0.132406,0.13431,0.086289,-1.856892,10161400
25-Mar-14,0.006425,0.137971,0.147219,0.134008,0.291802,6127200
26-Mar-14,-0.003676,0.137707,0.145146,0.125893,-0.168004,5684900
27-Mar-14,0.003107,0.131584,0.138391,0.129388,0.141476,4778000
28-Mar-14,-0.013163,0.134646,0.141214,0.114068,-0.60128,4208300
31-Mar-14,0.008239,0.138911,0.146897,0.130259,0.37138,4813100
1-Apr-14,0.013618,0.135765,0.152487,0.134005,0.61895,4250800
2-Apr-14,0.023801,0.130925,0.159361,0.128537,1.096454,6007200
3-Apr-14,0.003,0.131137,0.141314,0.128169,0.141476,6841400
4-Apr-14,-0.024299,0.136844,0.150795,0.100274,-1.149498,7013200
7-Apr-14,-0.030268,0.119659,0.133308,0.075679,-1.397087,9146600
8-Apr-14,-0.030028,0.124893,0.13651,0.093168,-1.344044,8246900
9-Apr-14,0.031161,0.139908,0.16916,0.13461,1.352886,6018200
10-Apr-14,-0.064784,0.11864,0.122884,0.056319,-2.900287,13177200
11-Apr-14,-0.010015,0.112534,0.127581,0.086739,-0.419308,11465800
14-Apr-14,0.007964,0.136334,0.145985,0.114862,0.330109,7290800
15-Apr-14,0.021994,0.135015,0.151052,0.119218,0.918903,9531100
16-Apr-14,0.005432,0.137756,0.143845,0.115273,0.231956,7151000
17-Apr-14,0.008936,0.116235,0.136267,0.111576,0.383629,6196800
21-Apr-14,0.018126,0.119739,0.141672,0.11743,0.785084,4445000
22-Apr-14,0.011734,0.122254,0.143343,0.119079,0.517441,6613200
23-Apr-14,0.002599,0.123807,0.126497,0.106997,0.115974,6578300
24-Apr-14,-0.016354,0.12067,0.12067,0.095409,-0.731556,6628800
25-Apr-14,-0.00365,0.141121,0.15862,0.112485,-0.160583,7289100
28-Apr-14,0.035206,0.130246,0.161496,0.129105,1.543411,7932200
29-Apr-14,0.009829,0.122436,0.135436,0.11847,0.446072,5601300
30-Apr-14,0.013821,0.121112,0.138349,0.11282,0.633423,7430600
1-May-14,-0.009025,0.116804,0.121324,0.106473,-0.419308,4279800
2-May-14,-0.008332,0.11655,0.123283,0.107645,-0.383625,3341300
5-May-14,0.003517,0.116732,0.125055,0.10184,0.160587,2580300
6-May-14,-0.008761,0.117402,0.119584,0.109327,-0.401455,3353200
7-May-14,0.036928,0.153259,0.164047,0.128819,1.677223,7022600
8-May-14,-0.012123,0.11877,0.127263,0.10327,-0.570972,4092100
9-May-14,0.002109,0.119174,0.125192,0.097895,0.098133,5012500
12-May-14,0.002105,0.123038,0.127328,0.120036,0.098145,3626400
13-May-14,-0.003246,0.122606,0.123676,0.111262,-0.151673,4145200
14-May-14,0.012835,0.121538,0.138072,0.118317,0.597737,4878400
15-May-14,-0.003405,0.122802,0.125134,0.111353,-0.160588,6963800
16-May-14,0.004555,0.120043,0.12685,0.114937,0.214123,5826200
19-May-14,0.022294,0.118988,0.148,0.116234,1.052734,6010500
20-May-14,-0.010534,0.115715,0.117165,0.104321,-0.508518,5021200
21-May-14,-0.005043,0.120056,0.127174,0.111682,-0.240894,4088000
22-May-14,0.006758,0.121314,0.143408,0.11395,0.321182,4486400
23-May-14,0.005967,0.127373,0.136569,0.125282,0.285488,3023500
27-May-14,0.000741,0.126087,0.126087,0.117361,0.035683,3816300
28-May-14,0.001482,0.120271,0.133765,0.117364,0.071373,4108300
29-May-14,-0.00074,0.121515,0.128771,0.11426,-0.035687,2768600
30-May-14,0.005553,0.119856,0.129192,0.117989,0.267647,4025600
2-Jun-14,-0.003313,0.122956,0.133685,0.112228,-0.160595,3635000
3-Jun-14,0.004063,0.119031,0.127517,0.115098,0.196274,3078000
4-Jun-14,0.003862,0.111616,0.12646,0.106462,0.187351,3388200
5-Jun-14,0.013192,0.120277,0.136091,0.116375,0.642346,4847300
6-Jun-14,-0.003617,0.121299,0.12292,0.112583,-0.178437,3449800
9-Jun-14,-0.022867,0.10706,0.116418,0.09282,-1.124095,6297500
10-Jun-14,0.002415,0.10632,0.12589,0.088624,0.115978,8414700
11-Jun-14,0.004818,0.118401,0.136055,0.116324,0.23196,5386800
12-Jun-14,-0.010511,0.120687,0.121307,0.104978,-0.508526,3941600
13-Jun-14,0.009318,0.121102,0.134471,0.116298,0.446076,4413000
16-Jun-14,-0.002954,0.121307,0.123998,0.106199,-0.142742,4410400
17-Jun-14,0.005555,0.131064,0.132102,0.11778,0.267635,3385000
18-Jun-14,0.004972,0.120274,0.127293,0.114701,0.240883,3337300
19-Jun-14,-0.006964,0.112061,0.125823,0.107542,-0.339016,3952800
20-Jun-14,-0.016424,0.150472,0.150472,0.099588,-0.79401,13457700
23-Jun-14,0.008443,0.130567,0.144026,0.125941,0.40147,6235600
24-Jun-14,-0.002977,0.120685,0.125064,0.11422,-0.142746,5483500
25-Jun-14,0.026311,0.119429,0.166909,0.116919,1.257927,11085100
26-Jun-14,0.027454,0.12232,0.152278,0.120282,1.347137,10716400
27-Jun-14,0.004955,0.122282,0.128629,0.116331,0.249802,7490800
30-Jun-14,-0.006163,0.115367,0.122867,0.107275,-0.312256,6229700
1-Jul-14,0.007973,0.120496,0.135987,0.115531,0.401466,6869800
2-Jul-14,0.021445,0.132124,0.144931,0.121485,1.088417,6198500
3-Jul-14,0.001893,0.116843,0.12398,0.112021,0.098137,3828900
7-Jul-14,-0.014084,0.114925,0.119546,0.104914,-0.731552,4736300
8-Jul-14,-0.029791,0.106833,0.112496,0.0834,-1.525566,9297300
9-Jul-14,-0.01221,0.118277,0.119887,0.103383,-0.606659,11516300
10-Jul-14,0.014179,0.110501,0.138621,0.106019,0.695866,7553100
11-Jul-14,-0.007405,0.111852,0.137167,0.094574,-0.368553,13586800
14-Jul-14,-0.002002,0.090797,0.114277,0.087356,-0.098889,30823300
15-Jul-14,-0.025706,0.105762,0.10921,0.082844,-1.26746,16796400
16-Jul-14,0.00393,0.1085,0.117243,0.078732,0.188771,23291200
17-Jul-14,-0.002423,0.103332,0.140448,0.096489,-0.11686,18699000
18-Jul-14,0.025972,0.101647,0.145712,0.101647,1.249489,42456000
21-Jul-14,-0.016573,0.096855,0.103136,0.092196,-0.818008,22334900
22-Jul-14,0.000926,0.108747,0.120284,0.107305,0.044948,14724300
23-Jul-14,0.007956,0.121305,0.128097,0.112867,0.386528,15011300
24-Jul-14,-0.007342,0.107146,0.114089,0.102041,-0.359558,11712800
25-Jul-14,-0.016642,0.119038,0.120889,0.090856,-0.809028,11680900
28-Jul-14,0.01053,0.117476,0.129608,0.112246,0.503395,10466000
29-Jul-14,-0.005769,0.108522,0.110799,0.102105,-0.278668,16171500
30-Jul-14,0.005989,0.109332,0.122033,0.104127,0.287655,12680100
31-Jul-14,-0.026232,0.099623,0.105211,0.082445,-1.267464,15479900
1-Aug-14,0.002675,0.105866,0.118831,0.099915,0.125836,11593200
4-Aug-14,0.015435,0.114575,0.131957,0.110124,0.728126,10456300
5-Aug-14,-0.009383,0.1016,0.110368,0.09492,-0.449455,12783800
6-Aug-14,-0.014018,0.084849,0.109716,0.082531,-0.665192,18126200
7-Aug-14,0.007301,0.102624,0.126561,0.09899,0.341587,17171700
8-Aug-14,0.007438,0.118608,0.122215,0.109485,0.350575,13117700
11-Aug-14,0.009277,0.116246,0.129936,0.111402,0.440468,10074600
12-Aug-14,-0.008816,0.110577,0.112246,0.097013,-0.422493,8524600
13-Aug-14,0.014383,0.115192,0.129298,0.11056,0.683178,9029400
14-Aug-14,0.011007,0.11287,0.125531,0.111002,0.530357,7959800
15-Aug-14,-0.005352,0.115534,0.120667,0.099933,-0.260685,10109300
18-Aug-14,0.007607,0.122568,0.125251,0.111217,0.368546,7370500
19-Aug-14,0.018045,0.115937,0.132939,0.109792,0.880943,9159300
20-Aug-14,-0.00416,0.102999,0.110242,0.100383,-0.206749,7612200
21-Aug-14,-0.001816,0.107,0.113667,0.104777,-0.089893,8063200
22-Aug-14,0.004367,0.110633,0.11873,0.10031,0.21574,9314600
25-Aug-14,0.012138,0.116083,0.126965,0.112052,0.602268,7553500
26-Aug-14,-0.002148,0.108672,0.113849,0.107876,-0.107872,9309800
27-Aug-14,-0.000897,0.114451,0.114451,0.105471,-0.044937,11022600
28-Aug-14,-0.001796,0.10886,0.112056,0.103468,-0.089901,7277900
29-Aug-14,-0.005755,0.115456,0.116457,0.105252,-0.287647,7524400
2-Sep-14,-0.003799,0.115474,0.117486,0.106015,-0.188771,7354900
3-Sep-14,0.00799,0.114273,0.121747,0.107607,0.39552,7562100
4-Sep-14,0.00054,0.109449,0.114259,0.104038,0.02697,10019400
5-Sep-14,0.007202,0.111454,0.120467,0.099035,0.359565,9914300
8-Sep-14,-0.006614,0.109273,0.112654,0.10112,-0.332599,6568800
9-Sep-14,0.024834,0.111654,0.144686,0.109652,1.240501,17558900
10-Sep-14,0.004214,0.111478,0.119683,0.10386,0.215736,8740300
11-Sep-14,0.011541,0.108759,0.125877,0.105841,0.593289,9943900
12-Sep-14,0.000518,0.112455,0.130147,0.11034,0.026962,15556200
15-Sep-14,0.000864,0.109957,0.117645,0.104575,0.044953,8632700
16-Sep-14,0.011566,0.106694,0.127242,0.103429,0.602264,9112400
17-Sep-14,0.017406,0.11796,0.139412,0.115303,0.916893,14389400
18-Sep-14,-0.002851,0.112082,0.113015,0.102752,-0.152817,10980500
19-Sep-14,-0.00656,0.119753,0.121437,0.104222,-0.350582,13986900
22-Sep-14,-0.005926,0.115657,0.116976,0.100212,-0.314609,9045900
23-Sep-14,-0.019588,0.076264,0.104118,0.072474,-1.033749,24204400
24-Sep-14,0.025886,0.114388,0.14705,0.113421,1.339382,15763800
25-Sep-14,-0.017782,0.101528,0.120933,0.092109,-0.943867,10079400
26-Sep-14,0.020517,0.122813,0.136239,0.114373,1.069706,15866000
29-Sep-14,-0.011319,0.092721,0.105689,0.088962,-0.602272,7640400
30-Sep-14,-0.012987,0.107513,0.117968,0.097437,-0.683178,8599000
1-Oct-14,-0.009176,0.115729,0.115922,0.097047,-0.476417,8431900
2-Oct-14,-0.009785,0.118481,0.121591,0.091267,-0.503399,8371500
3-Oct-14,0.035645,0.127178,0.153875,0.125608,1.815807,11675600
6-Oct-14,-0.014994,0.11056,0.118142,0.092932,-0.791034,7359900
7-Oct-14,-0.020066,0.108414,0.108414,0.087439,-1.04274,8923500
8-Oct-14,0.029832,0.110295,0.147802,0.103226,1.519165,10917200
9-Oct-14,-0.027768,0.115887,0.116459,0.081373,-1.456242,11911600
10-Oct-14,-0.023623,0.098138,0.111474,0.07774,-1.204475,12108700
13-Oct-14,-0.024559,0.10241,0.107833,0.076296,-1.222584,16908200
14-Oct-14,0.009511,0.1036,0.129342,0.091862,0.461864,14293600
15-Oct-14,0.009237,0.067499,0.136653,0.061991,0.452813,122740200
16-Oct-14,-0.031668,0.127866,0.129888,0.068037,-1.566723,61236700
17-Oct-14,0.008885,0.122586,0.125091,0.104218,0.425636,31891900
20-Oct-14,0.019487,0.087459,0.129459,0.081045,0.941853,17954600
21-Oct-14,0.034552,0.122279,0.145618,0.116597,1.702564,17522100
22-Oct-14,0.010837,0.117361,0.126973,0.103629,0.552425,16048100
23-Oct-14,0.046046,0.127505,0.158555,0.123236,2.372719,14729300
24-Oct-14,0.012937,0.100878,0.120729,0.100878,0.697334,10391600
27-Oct-14,0.003317,0.105316,0.116855,0.102752,0.181118,10010900
28-Oct-14,0.007274,0.109146,0.1159,0.103305,0.398472,9412500
29-Oct-14,-0.015592,0.105305,0.105305,0.075765,-0.860344,16547900
30-Oct-14,0.020007,0.104586,0.130912,0.102929,1.086746,11635300
31-Oct-14,0.037267,0.138149,0.154934,0.125696,2.064805,15009900
3-Nov-14,-0.003309,0.107698,0.111874,0.09517,-0.190171,8250800
4-Nov-14,-0.009328,0.103519,0.110502,0.087982,-0.534324,9741700
5-Nov-14,-0.001915,0.118844,0.122016,0.096111,-0.108673,6465000
6-Nov-14,0.002718,0.107925,0.119225,0.102099,0.153961,5152400
7-Nov-14,-0.019295,0.097174,0.097526,0.079566,-1.095803,7002600
10-Nov-14,0.037236,0.113016,0.150182,0.110861,2.073872,9513000
11-Nov-14,0.000941,0.102487,0.111315,0.099198,0.054337,5041200
12-Nov-14,-0.00141,0.099202,0.107157,0.099202,-0.081509,5366700
13-Nov-14,-0.002039,0.112704,0.122056,0.097983,-0.117733,4510200
14-Nov-14,0.005815,0.110291,0.110639,0.095541,0.335079,4684900
17-Nov-14,0.01625,0.105598,0.128545,0.104735,0.941845,7117100
18-Nov-14,0.015529,0.099803,0.124591,0.099803,0.914669,6432200
19-Nov-14,-0.008327,0.101376,0.10589,0.090342,-0.498081,5710900
20-Nov-14,-0.004733,0.096463,0.107252,0.094608,-0.280739,4975500
21-Nov-14,0.033287,0.124882,0.140974,0.113703,1.965187,9165900
24-Nov-14,0.006235,0.104873,0.115693,0.104873,0.38036,7730400
25-Nov-14,0.004131,0.101937,0.111223,0.093954,0.25357,7550800
26-Nov-14,0.009404,0.10876,0.117197,0.101297,0.579605,4046000
28-Nov-14,0.007278,0.109039,0.116755,0.107271,0.452782,2953700
1-Dec-14,-0.0013,0.102303,0.109005,0.098314,-0.08147,4885100
2-Dec-14,0.002315,0.100542,0.110289,0.096868,0.144886,6491500
3-Dec-14,-0.011116,0.102623,0.107565,0.090509,-0.697319,5817700
4-Dec-14,0.01562,0.101799,0.126141,0.100832,0.969013,7665300
5-Dec-14,0.002012,0.103424,0.113741,0.100567,0.126781,4360100
8-Dec-14,-0.00416,0.105802,0.12085,0.098515,-0.262634,5452100
9-Dec-14,-0.004033,0.084971,0.100559,0.075427,-0.253578,6833800
10-Dec-14,-0.022563,0.109009,0.109009,0.078505,-1.412758,8575700
11-Dec-14,-0.008139,0.086244,0.110427,0.082323,-0.498093,9518000
12-Dec-14,-0.026257,0.095981,0.106524,0.070941,-1.593891,9215500
15-Dec-14,0.005362,0.112338,0.124519,0.096436,0.316975,7226000
16-Dec-14,-0.005639,0.095636,0.12643,0.090419,-0.335087,8545100
17-Dec-14,0.02023,0.108448,0.129433,0.10151,1.195419,5934900
18-Dec-14,0.020279,0.125615,0.128103,0.114668,1.222584,7184700
19-Dec-14,-0.003092,0.100478,0.115598,0.086659,-0.190178,12631000
22-Dec-14,-0.010929,0.109599,0.113024,0.089867,-0.670162,12876600
23-Dec-14,-0.039122,0.108505,0.109989,0.055577,-2.372719,12123000
24-Dec-14,0.028904,0.111081,0.148832,0.111081,1.684448,4705500
26-Dec-14,0.01163,0.109221,0.121396,0.109221,0.697338,4158200
29-Dec-14,0.002389,0.097623,0.110647,0.094985,0.14489,3872800
30-Dec-14,-0.012511,0.098132,0.104547,0.085798,-0.760711,5568800
31-Dec-14,-0.012971,0.111213,0.117541,0.088395,-0.778839,3917300
2-Jan-15,0.006877,0.104218,0.120416,0.104218,0.407535,5086100
5-Jan-15,-0.018819,0.097682,0.107737,0.070533,-1.122974,8007400
6-Jan-15,-0.00495,0.120785,0.123006,0.087992,-0.289799,5483700
7-Jan-15,0.040417,0.108337,0.150906,0.106792,2.35461,8283300
8-Jan-15,0.010459,0.12451,0.126655,0.112302,0.633934,7949000
9-Jan-15,-0.027355,0.08887,0.097197,0.063073,-1.675403,8779900
12-Jan-15,-0.000304,0.113618,0.123522,0.096328,-0.018097,6159800
13-Jan-15,-0.028804,0.103546,0.109423,0.056361,-1.715351,13908400
14-Jan-15,0.00489,0.082677,0.107747,0.069537,0.282852,9440500
15-Jan-15,-0.012716,0.101151,0.103044,0.081709,-0.739056,6149100
16-Jan-15,0.026236,0.097035,0.126139,0.091633,1.505486,8106000
20-Jan-15,-0.016889,0.10482,0.108726,0.065593,-0.994538,9065300
21-Jan-15,-0.01182,0.089944,0.09599,0.07578,-0.68431,7979500
22-Jan-15,0.004466,0.10473,0.1091,0.081656,0.255474,8941700
23-Jan-15,-0.008733,0.107823,0.107823,0.085026,-0.501831,6881100
26-Jan-15,0.006407,0.093005,0.106699,0.082823,0.364975,8181100
27-Jan-15,0.004297,0.087268,0.107677,0.085,0.246345,6532300
28-Jan-15,-0.01981,0.101895,0.10398,0.071499,-1.140522,6910100
29-Jan-15,0.020534,0.100774,0.123102,0.091383,1.158772,8485600
30-Jan-15,-0.043885,0.078105,0.08835,0.043899,-2.527398,17582500
2-Feb-15,0.0058,0.116693,0.116693,0.065117,0.319348,11491100
3-Feb-15,0.015651,0.11224,0.115129,0.082989,0.866802,10721800
4-Feb-15,-0.076886,0.04799,0.04799,0.007102,-4.324871,31250600
5-Feb-15,0.018978,0.108315,0.121989,0.081354,0.98542,18964700
6-Feb-15,-0.018796,0.090698,0.092966,0.07142,-0.994541,13890900
9-Feb-15,-0.024956,0.072298,0.085396,0.06286,-1.295631,22522000
10-Feb-15,0.025415,0.104879,0.126214,0.09836,1.286514,18917000
11-Feb-15,-0.003516,0.105044,0.114099,0.083853,-0.182491,14681600
12-Feb-15,0.00635,0.109716,0.113196,0.085743,0.328476,11940900
13-Feb-15,0.017528,0.101753,0.116161,0.093108,0.912418,11303200
17-Feb-15,0.011542,0.112982,0.113926,0.093158,0.611313,12789700
18-Feb-15,0.008856,0.104016,0.110175,0.088337,0.47446,10781700
19-Feb-15,-0.004051,0.090069,0.09303,0.085074,-0.218975,8665500
20-Feb-15,0.038983,0.107321,0.139458,0.100076,2.098553,15534000
23-Feb-15,-0.011909,0.100281,0.106717,0.077038,-0.666061,11582700
24-Feb-15,0.004953,0.101056,0.109199,0.095085,0.273719,7900700
25-Feb-15,-0.004107,0.100131,0.100131,0.084106,-0.228099,9983900
26-Feb-15,-0.00165,0.091108,0.099425,0.089662,-0.09124,7328200
27-Feb-15,-0.00033,0.096171,0.104501,0.093273,-0.01825,8649100
2-Mar-15,-0.000661,0.09599,0.100519,0.088019,-0.036503,6150900
3-Mar-15,-0.013893,0.093996,0.095809,0.0775,-0.766422,7421000
4-Mar-15,0.010902,0.090475,0.110696,0.085144,0.593071,8536000
5-Mar-15,-0.056579,0.040345,0.081624,0.030161,-3.111351,47051800
6-Mar-15,-0.021456,0.097725,0.106399,0.068619,-1.113148,22853000
9-Mar-15,-0.001797,0.101702,0.103672,0.088505,-0.091228,14779900
10-Mar-15,0.005401,0.089675,0.110987,0.080992,0.273712,17907700
11-Mar-15,0.013969,0.102859,0.116402,0.092457,0.711693,14629000
12-Mar-15,0.024373,0.099087,0.140317,0.09657,1.259128,18227800
13-Mar-15,0,0.098257,0.11243,0.083707,0,10114500
16-Mar-15,0.01931,0.104682,0.128114,0.102226,1.021912,12098700
17-Mar-15,0.010318,0.088574,0.11564,0.088204,0.556576,10983600
18-Mar-15,0.002679,0.09654,0.108651,0.087182,0.145984,11889200
19-Mar-15,0.021707,0.09965,0.125087,0.09782,1.186146,14110500
20-Mar-15,-0.012911,0.101542,0.105662,0.080407,-0.720806,13313100
23-Mar-15,0.001324,0.089639,0.110325,0.081836,0.072987,7926400
24-Mar-15,-0.014054,0.09907,0.102151,0.077325,-0.775555,7970000
25-Mar-15,-0.023646,0.104261,0.104444,0.06989,-1.286503,11619200
26-Mar-15,-0.016318,0.091472,0.093542,0.077165,-0.866802,10853900
27-Mar-15,0.006635,0.102879,0.110917,0.096755,0.346729,6830100
30-Mar-15,0.010234,0.101313,0.109107,0.098651,0.538319,5781900
31-Mar-15,0.005151,0.091661,0.106716,0.086016,0.273727,12313600
1-Apr-15,-0.024599,0.094866,0.095054,0.054614,-1.313888,14903300
2-Apr-15,-0.001576,0.102516,0.109618,0.092151,-0.082115,8787000
6-Apr-15,0.010525,0.092145,0.112907,0.089646,0.547454,10280100
7-Apr-15,0.01406,0.108165,0.117677,0.099414,0.739056,10171500
8-Apr-15,0.006676,0.097491,0.106496,0.087172,0.355843,11075800
9-Apr-15,0.025676,0.103258,0.12618,0.100462,1.377746,12698000
10-Apr-15,0.027852,0.09926,0.132511,0.09599,1.532864,17894700
13-Apr-15,-0.004716,0.092631,0.098818,0.079373,-0.266796,11400900
14-Apr-15,0.008497,0.090527,0.097809,0.074719,0.478397,13071400
15-Apr-15,0.005023,0.093667,0.104233,0.091377,0.285187,11534200
16-Apr-15,0.009028,0.082944,0.102395,0.080316,0.515194,9815600
17-Apr-15,-0.004793,0.078812,0.090448,0.07447,-0.275994,9905600
20-Apr-15,0.020067,0.097793,0.116814,0.095874,1.149979,12779200
21-Apr-15,0.001102,0.092962,0.098949,0.082355,0.064404,8457300
22-Apr-15,0.014306,0.086803,0.106113,0.08612,0.837177,13874300
23-Apr-15,-0.004185,0.099441,0.100284,0.056818,-0.24839,18405300
24-Apr-15,0.028327,0.087989,0.12284,0.085113,1.674369,14859500
27-Apr-15,-0.015892,0.086152,0.096681,0.067068,-0.96598,18141700
28-Apr-15,0.022608,0.079953,0.111549,0.073266,1.352375,13084900
29-Apr-15,-0.012934,0.074059,0.081907,0.070953,-0.791187,9864300
30-Apr-15,-0.01478,0.082999,0.091777,0.065278,-0.892376,10298600
1-May-15,-0.005258,0.094203,0.101095,0.073862,-0.312802,9870800
4-May-15,0.005597,0.086974,0.105902,0.081736,0.331192,8493500
5-May-15,-0.012678,0.078908,0.090672,0.071849,-0.754383,7635900
6-May-15,0.001253,0.09123,0.098378,0.079145,0.073597,8476300
7-May-15,0.011886,0.081024,0.101764,0.081024,0.699185,8638200
8-May-15,0.008346,0.093694,0.105455,0.090334,0.496792,7541100
11-May-15,-0.000613,0.086141,0.096305,0.084309,-0.036797,7978700
12-May-15,-0.005982,0.079472,0.088141,0.076805,-0.358799,5927000
13-May-15,0.007561,0.089826,0.095528,0.083955,0.450806,8519200
14-May-15,0.01026,0.096296,0.103121,0.080982,0.616386,5868900
15-May-15,0.000303,0.086315,0.096036,0.085986,0.018395,6786400
18-May-15,-0.005759,0.08368,0.085657,0.072973,-0.349598,7858100
19-May-15,0.001829,0.088631,0.095424,0.083495,0.110408,7674600
20-May-15,0.002434,0.090116,0.094747,0.081352,0.147187,9956000
21-May-15,-0.003642,0.079716,0.085655,0.070148,-0.220795,10553400
22-May-15,-0.002589,0.08416,0.090617,0.081345,-0.156387,14041500
26-May-15,0.009468,0.090958,0.112206,0.089962,0.570381,21034300
27-May-15,0.019365,0.097663,0.118054,0.094703,1.177578,40778800
28-May-15,0.001336,0.08762,0.089394,0.074875,0.082802,12891500
29-May-15,-0.013043,0.082947,0.08778,0.069575,-0.80959,9451000
1-Jun-15,0.005106,0.090402,0.097911,0.081588,0.312805,12426700
2-Jun-15,-0.004632,0.083239,0.091846,0.07723,-0.285198,11133200
3-Jun-15,0.005854,0.091543,0.098069,0.086974,0.358795,17552600
4-Jun-15,0.006118,0.079513,0.100924,0.079026,0.37719,10539000
5-Jun-15,-0.000297,0.079881,0.092456,0.074076,-0.018398,8908900
8-Jun-15,0.005786,0.094393,0.099876,0.089071,0.35878,10276700
9-Jun-15,-0.00177,0.082645,0.091625,0.082485,-0.11039,8132800
10-Jun-15,0.008423,0.086814,0.099343,0.084886,0.524387,7349300
11-Jun-15,-0.002931,0.093824,0.093824,0.077577,-0.18399,7552200
12-Jun-15,-0.01455,0.084578,0.085217,0.06381,-0.910778,8249900
15-Jun-15,-0.002088,0.080652,0.086974,0.071573,-0.128796,7028400
16-Jun-15,-0.002093,0.083888,0.094934,0.082263,-0.128811,5200700
17-Jun-15,0.014977,0.09023,0.106835,0.088765,0.919991,7377100
18-Jun-15,0.017855,0.087295,0.107825,0.087295,1.113182,9079000
19-Jun-15,0.007249,0.079411,0.099108,0.079411,0.460007,9979500
22-Jun-15,0.009211,0.092762,0.104496,0.090885,0.588779,10124900
23-Jun-15,-0.001426,0.085269,0.09271,0.078448,-0.09201,8720000
24-Jun-15,-0.011425,0.094736,0.098307,0.071606,-0.735978,9308200
25-Jun-15,0.008668,0.094041,0.10519,0.088074,0.551979,6191200
26-Jun-15,0.009167,0.088998,0.099118,0.084795,0.588807,9669500
29-Jun-15,-0.046551,0.068616,0.080186,0.034832,-3.017552,12057200
30-Jun-15,0.000149,0.100242,0.103801,0.078561,0.009197,11459600
1-Jul-15,0.019646,0.09846,0.109785,0.094901,1.214383,7694900
2-Jul-15,-0.004379,0.089671,0.093162,0.075551,-0.275998,6245700
6-Jul-15,0.000147,0.076138,0.099563,0.075501,0.009194,17029100
7-Jul-15,0.004984,0.090161,0.096056,0.072634,0.312797,7821600
8-Jul-15,-0.013127,0.074767,0.085072,0.071437,-0.82798,5027200
9-Jul-15,0.004582,0.100148,0.107216,0.089223,0.285191,6494300
10-Jul-15,0.018538,0.102487,0.111442,0.09593,1.159187,6891400
13-Jul-15,0.012369,0.089957,0.094354,0.086032,0.787777,5507000
14-Jul-15,0.003306,0.081138,0.093701,0.07633,0.213181,6628300
15-Jul-15,-0.000716,0.079121,0.082677,0.071392,-0.046349,16761400
16-Jul-15,0.003441,0.085,0.087475,0.080204,0.222443,6843800
17-Jul-15,0,0.078967,0.081125,0.074496,0,6141200
20-Jul-15,0.011573,0.079121,0.096233,0.076963,0.750717,9633000
21-Jul-15,-0.003672,0.079119,0.091158,0.070128,-0.240967,5028500
22-Jul-15,0.000283,0.074684,0.080649,0.071166,0.018524,5701700
23-Jul-15,-0.000567,0.074227,0.084625,0.072544,-0.037071,5636600
24-Jul-15,-0.0346,0.033219,0.056017,0.030465,-2.261414,13495200
27-Jul-15,0.018507,0.084989,0.12461,0.084989,1.167771,12841500
28-Jul-15,0.027257,0.081457,0.111644,0.074921,1.751694,10098300
29-Jul-15,-0.006458,0.079876,0.083208,0.071544,-0.426339,6793300
30-Jul-15,-0.00862,0.080339,0.080644,0.056098,-0.565361,6820400
31-Jul-15,-0.002138,0.08235,0.08235,0.072354,-0.139015,6181300
3-Aug-15,-0.004,0.081741,0.090988,0.067716,-0.259521,9872300
4-Aug-15,0.003155,0.083764,0.089179,0.078038,0.203895,5410900
5-Aug-15,0.005004,0.081281,0.08961,0.08051,0.324394,10090200
6-Aug-15,-0.015078,0.080041,0.086334,0.055945,-0.982414,6172200
7-Aug-15,-0.008954,0.076473,0.079902,0.05606,-0.574619,6214500
10-Aug-15,0.008598,0.083684,0.091703,0.07708,0.546802,8189400
11-Aug-15,-0.013871,0.067898,0.080214,0.059168,-0.88974,7473200
12-Aug-15,0.007326,0.072327,0.089559,0.063,0.463414,8337600
13-Aug-15,-0.003055,0.077868,0.084303,0.070492,-0.19463,7184900
14-Aug-15,0.001605,0.079282,0.093135,0.07692,0.101944,5864800
17-Aug-15,0.010488,0.07991,0.097356,0.073466,0.66732,17669900
18-Aug-15,-0.007352,0.079744,0.084721,0.068079,-0.472675,6376500
19-Aug-15,-0.003921,0.077243,0.082414,0.068782,-0.250252,6230200
20-Aug-15,-0.016183,0.069686,0.07645,0.061506,-1.028755,9600900
21-Aug-15,-0.023414,0.067135,0.07385,0.052584,-1.464367,16277100
24-Aug-15,-0.037178,0.001523,0.061775,-0.117998,-2.270695,24292600
25-Aug-15,-0.043184,0.107195,0.107365,0.031353,-2.539463,15267000
26-Aug-15,0.040026,0.110246,0.123576,0.081988,2.252152,15289600
27-Aug-15,0.021698,0.094176,0.103916,0.076574,1.269733,12592100
28-Aug-15,-0.008216,0.068931,0.083483,0.06107,-0.491207,7316400
31-Aug-15,-0.024539,0.081665,0.084532,0.049792,-1.455101,15581100
1-Sep-15,-0.030604,0.05459,0.065482,0.040068,-1.77021,12703200
2-Sep-15,0.007934,0.097871,0.098584,0.075043,0.44487,12044500
3-Sep-15,0.009839,0.087283,0.101969,0.085514,0.556087,11777400
4-Sep-15,-0.029393,0.062672,0.0653,0.033061,-1.677528,9281400
8-Sep-15,0.013385,0.08709,0.100088,0.081494,0.741447,9263200
9-Sep-15,-0.021628,0.09589,0.09589,0.052959,-1.214122,8436900
10-Sep-15,0.0054,0.080788,0.094807,0.07223,0.296581,9306600
11-Sep-15,-0.00386,0.079691,0.082226,0.06792,-0.213165,9365400
14-Sep-15,-0.006908,0.080421,0.083875,0.046061,-0.379994,9095600
15-Sep-15,0.004411,0.079699,0.08812,0.068532,0.240975,10474700
16-Sep-15,0.005236,0.084434,0.086986,0.068578,0.287303,8044200
17-Sep-15,0.005881,0.079873,0.104531,0.076791,0.324391,10281700
18-Sep-15,0.02272,0.071036,0.114476,0.062925,1.260464,28957000
21-Sep-15,-0.029892,0.079319,0.088131,0.044952,-1.696072,11038100
22-Sep-15,-0.027782,0.056802,0.058438,0.033911,-1.529236,14192000
23-Sep-15,-0.005369,0.081957,0.0913,0.067942,-0.287315,9827000
24-Sep-15,-0.014975,0.069573,0.079906,0.050598,-0.797058,8625500
25-Sep-15,-0.014672,0.10319,0.103953,0.050548,-0.769253,8673500
28-Sep-15,-0.058127,0.072192,0.072966,0.013153,-3.002873,15123000
29-Sep-15,0.005524,0.091298,0.113699,0.066225,0.268773,12842800
30-Sep-15,0.030688,0.094296,0.113917,0.090617,1.501434,11895500
1-Oct-15,0.013233,0.084321,0.095228,0.069448,0.667313,9255800
2-Oct-15,0.012516,0.054307,0.093058,0.051371,0.639495,6942600
5-Oct-15,0.015407,0.089985,0.100809,0.071622,0.797066,9332800
6-Oct-15,-0.028229,0.070971,0.078776,0.027188,-1.482902,9008300
7-Oct-15,0.009985,0.074461,0.107763,0.056048,0.509746,11056100
8-Oct-15,0.00737,0.069269,0.089246,0.062869,0.379986,6737300
9-Oct-15,-0.007138,0.081662,0.087824,0.067992,-0.370716,7178500
12-Oct-15,0.002336,0.082069,0.091184,0.07664,0.120483,6515000
13-Oct-15,-0.026421,0.067359,0.071035,0.039112,-1.365635,9467900
14-Oct-15,0.002602,0.074863,0.085395,0.064529,0.130947,8727400
15-Oct-15,0.040786,0.076632,0.113894,0.067316,2.057812,7781600
16-Oct-15,0.006947,0.071956,0.084906,0.062435,0.364788,7342800
19-Oct-15,-0.006545,0.064561,0.072315,0.053214,-0.346081,6463000
20-Oct-15,-0.023682,0.06891,0.073288,0.039974,-1.244041,6399900
21-Oct-15,-0.018238,0.077874,0.084309,0.034783,-0.935368,11638800
22-Oct-15,-0.103288,0.070093,0.081215,-0.097332,-5.200634,46517700
23-Oct-15,0.042884,0.094349,0.145733,0.077295,1.936207,26214800
26-Oct-15,0.030393,0.06549,0.114548,0.048075,1.431114,13890400
27-Oct-15,0.013688,0.071985,0.10249,0.071985,0.664113,11710800
28-Oct-15,0.012932,0.07398,0.094719,0.058933,0.636039,7869000
29-Oct-15,0.015772,0.067896,0.107641,0.064283,0.785713,9304400
30-Oct-15,0.100739,0.143601,0.200119,0.139451,5.097752,27465600
2-Nov-15,0.064316,0.105903,0.152581,0.103031,3.582447,17008700
3-Nov-15,-0.014989,0.064714,0.074835,0.044473,-0.888595,8754700
4-Nov-15,0.021945,0.0691,0.098555,0.066874,1.281452,10342600
5-Nov-15,-0.016144,0.067424,0.075468,0.033743,-0.963425,10237200
6-Nov-15,0.021666,0.060243,0.095159,0.058199,1.272095,7261100
9-Nov-15,-0.014034,0.060598,0.0691,0.052096,-0.841831,8239400
10-Nov-15,-0.014708,0.070791,0.075694,0.053037,-0.869893,6897600
11-Nov-15,-0.023114,0.067384,0.068585,0.039412,-1.346927,8212500
12-Nov-15,-0.010352,0.06787,0.084383,0.056628,-0.589279,7765500
13-Nov-15,-0.006143,0.065195,0.082235,0.045315,-0.346089,7834400
16-Nov-15,0.002506,0.066957,0.086067,0.063742,0.140305,6965100
17-Nov-15,0.006166,0.070703,0.099742,0.064112,0.346084,8405400
18-Nov-15,0.010103,0.066975,0.08114,0.059716,0.570576,5470200
19-Nov-15,-0.007214,0.073132,0.082072,0.0542,-0.41156,5571200
20-Nov-15,0.009249,0.075986,0.083402,0.069453,0.523808,7490200
23-Nov-15,0.000654,0.072599,0.076448,0.064376,0.037406,6405000
24-Nov-15,-0.000327,0.058785,0.077842,0.05826,-0.018699,5213500
25-Nov-15,-0.013741,0.068575,0.0691,0.05301,-0.785706,4879800
27-Nov-15,-0.00481,0.066972,0.071937,0.057042,-0.271255,2404100
30-Nov-15,-0.030833,0.068387,0.072842,0.03275,-1.730435,12660200
1-Dec-15,0.014961,0.070571,0.086566,0.050899,0.813771,11290500
2-Dec-15,-0.022026,0.071817,0.075802,0.039212,-1.215977,7663000
3-Dec-15,-0.02772,0.068915,0.069656,0.028536,-1.496582,9701500
4-Dec-15,0.018888,0.076339,0.095008,0.070624,0.991482,6748100
7-Dec-15,-0.015915,0.082562,0.084245,0.04255,-0.851178,7890900
8-Dec-15,0.007108,0.05561,0.0805,0.05466,0.374138,6896200
9-Dec-15,-0.011293,0.061743,0.083626,0.051178,-0.598625,6207900
10-Dec-15,-0.004462,0.068527,0.08093,0.061849,-0.233845,6728400
11-Dec-15,-0.031194,0.0691,0.0691,0.032109,-1.627533,9388600
14-Dec-15,0.025907,0.062571,0.097588,0.053273,1.309502,9419500
15-Dec-15,0.017136,0.082792,0.099183,0.078164,0.888603,6990000
16-Dec-15,0.02199,0.074408,0.093747,0.065498,1.159855,6282500
17-Dec-15,-0.02169,0.069657,0.074665,0.045355,-1.169208,7848900
18-Dec-15,-0.011352,0.059998,0.06379,0.049758,-0.598633,13807000
21-Dec-15,0.008253,0.074087,0.079074,0.068333,0.430271,4572100
22-Dec-15,0.024733,0.075568,0.103151,0.073285,1.300159,8390800
23-Dec-15,0.017191,0.074483,0.088035,0.069471,0.926014,6634400
24-Dec-15,-0.002049,0.06545,0.071837,0.058515,-0.112251,2152900
28-Dec-15,0.004961,0.065625,0.078427,0.056299,0.271259,5585800
29-Dec-15,0.011915,0.074013,0.086388,0.074013,0.654759,5073900
30-Dec-15,0.005887,0.068201,0.081149,0.066582,0.327373,5220300
31-Dec-15,-0.009364,0.063737,0.071424,0.058373,-0.5238,6019300
4-Jan-16,-0.027515,0.047805,0.052497,0.017847,-1.524646,10308400
5-Jan-16,-0.004166,0.076152,0.080977,0.054439,-0.224488,7179600
6-Jan-16,0.000174,0.050465,0.072641,0.046924,0.00935,8952700
7-Jan-16,-0.002963,0.053077,0.077671,0.049723,-0.159015,9292600
8-Jan-16,-0.027268,0.075454,0.080312,0.036771,-1.459164,7985200
11-Jan-16,-0.031806,0.073134,0.07544,0.014924,-1.655605,10483300
12-Jan-16,0.017817,0.080807,0.090728,0.062949,0.897956,6799600
13-Jan-16,-0.056938,0.063446,0.064811,-0.00615,-2.920639,10432200
14-Jan-16,0.066041,0.060882,0.174784,0.048272,3.194741,16704900
15-Jan-16,0.050953,0.027931,0.113253,0.027931,2.627628,26689200
19-Jan-16,-0.040984,0.061494,0.065184,0.000605,-2.221195,13644500
20-Jan-16,0.03928,0.042981,0.114552,0.033169,2.041607,11993100
21-Jan-16,0.021172,0.06058,0.087978,0.05373,1.143684,12097000
22-Jan-16,0.008053,0.071403,0.077386,0.048198,0.444241,10383800
25-Jan-16,-0.00306,0.061585,0.075612,0.046298,-0.170128,9681900
26-Jan-16,-0.00665,0.064482,0.069172,0.032012,-0.368633,7421100
27-Jan-16,-0.019739,0.059804,0.070155,0.025119,-1.086964,9077700
28-Jan-16,-0.022063,0.060211,0.069474,0.014824,-1.190941,10521100
29-Jan-16,-0.01701,0.011955,0.047758,0.011955,-0.89793,17768700
1-Feb-16,-0.00929,0.043727,0.057602,0.01193,-0.482052,11693300
2-Feb-16,-0.00809,0.043399,0.065574,0.037174,-0.415882,7918300
3-Feb-16,0.053568,0.069362,0.12133,0.059949,2.731602,16435700
4-Feb-16,-0.001408,0.056127,0.066736,0.03044,-0.075623,10351200
5-Feb-16,-0.06413,0.048482,0.050159,-0.01918,-3.440487,13263200
8-Feb-16,-0.00433,0.047233,0.077506,0.034486,-0.217396,9369400
9-Feb-16,0.011155,0.046386,0.078992,0.041385,0.557663,7655800
10-Feb-16,-0.014211,0.070451,0.081925,0.03959,-0.718341,9302800
11-Feb-16,-0.010243,0.049559,0.066015,0.039927,-0.510407,8551100
12-Feb-16,0.007666,0.065084,0.074006,0.046228,0.378075,9976200
16-Feb-16,0.017687,0.075292,0.083945,0.061006,0.879028,8313000
17-Feb-16,0.028032,0.074398,0.090414,0.054824,1.417786,10005600
18-Feb-16,-0.008362,0.067989,0.067989,0.041832,-0.434788,6555000
19-Feb-16,-0.004766,0.057018,0.066716,0.046933,-0.245747,8532500
22-Feb-16,0.018235,0.057988,0.07806,0.04727,0.935734,9381800
23-Feb-16,-0.003799,0.066026,0.077701,0.052629,-0.198486,8629700
24-Feb-16,-0.003269,0.050111,0.057988,0.037623,-0.17014,6633800
25-Feb-16,0.023866,0.063385,0.083816,0.049122,1.238205,7076300
26-Feb-16,-0.003559,0.059117,0.069095,0.050458,-0.189033,5298000
29-Feb-16,-0.024821,0.055532,0.057988,0.029082,-1.313816,8395100
1-Mar-16,0.031679,0.061281,0.091504,0.05082,1.635177,7106000
2-Mar-16,-0.01136,0.054795,0.059678,0.040336,-0.604919,7054800
3-Mar-16,0.004129,0.057798,0.065396,0.047541,0.217392,9283900
4-Mar-16,0.003934,0.059312,0.072553,0.046071,0.207943,6439700
7-Mar-16,0.004452,0.049509,0.064583,0.033116,0.236301,7741800
8-Mar-16,-0.019149,0.053861,0.059301,0.03604,-1.020816,5303700
9-Mar-16,0.019342,0.061622,0.083424,0.052633,1.011356,8402500
10-Mar-16,-0.002837,0.061177,0.076375,0.037913,-0.151226,5627900
11-Mar-16,0.026676,0.061186,0.088845,0.060246,1.417782,6537400
14-Mar-16,-0.009007,0.056888,0.057988,0.04406,-0.491497,4650800
15-Mar-16,-0.027792,0.047632,0.05281,0.019522,-1.502854,5779600
16-Mar-16,0.012406,0.057227,0.075488,0.05095,0.65218,6245400
17-Mar-16,-0.017581,0.060806,0.060806,0.022289,-0.935741,8308800
18-Mar-16,0.022596,0.063152,0.082468,0.048043,1.181491,11029800
21-Mar-16,-0.009899,0.057053,0.061915,0.042278,-0.529308,6632900
22-Mar-16,0.026602,0.053077,0.086889,0.053077,1.408337,7661600
23-Mar-16,-0.019826,0.051732,0.057988,0.034436,-1.077519,5116400
24-Mar-16,-0.004258,0.053858,0.055923,0.045035,-0.226848,5278900
28-Mar-16,-0.000178,0.062324,0.068922,0.051955,-0.009449,3803100
29-Mar-16,0.016753,0.057799,0.076655,0.041206,0.888477,4567900
30-Mar-16,-0.000876,0.065035,0.066889,0.051868,-0.047257,3650300
31-Mar-16,0.002105,0.058359,0.066526,0.054647,0.113419,4930300
1-Apr-16,0.005252,0.047986,0.066323,0.043911,0.283558,4525700
4-Apr-16,0.031174,0.062042,0.09447,0.059278,1.691894,8108100
5-Apr-16,-0.011316,0.046016,0.064242,0.037975,-0.633277,6779400
6-Apr-16,0.023061,0.057626,0.082567,0.057626,1.276004,6322800
7-Apr-16,-0.009851,0.049685,0.058165,0.038026,-0.557663,7827600
8-Apr-16,-0.013997,0.061378,0.066909,0.037827,-0.784504,5750000
11-Apr-16,0.000513,0.060159,0.072102,0.054007,0.028355,4894000
12-Apr-16,0.023761,0.066669,0.08602,0.061424,1.313812,7243700
13-Apr-16,-0.004383,0.057635,0.059931,0.036966,-0.248111,7023000
14-Apr-16,0.003725,0.049516,0.055548,0.046854,0.209942,5185600
15-Apr-16,0.00388,0.052691,0.05605,0.03908,0.219482,4660800
18-Apr-16,0.006217,0.047742,0.062182,0.044221,0.353081,5778100
19-Apr-16,0.004843,0.051594,0.071544,0.044243,0.276737,6149300
20-Apr-16,0.005152,0.047919,0.06429,0.044261,0.29583,4443600
21-Apr-16,0.014716,0.049478,0.064379,0.048958,0.8493,5702400
22-Apr-16,0.000815,0.046723,0.058505,0.040918,0.04771,5103000
25-Apr-16,-0.007327,0.042971,0.045871,0.036487,-0.42942,4320500
26-Apr-16,-0.000656,0.047747,0.053419,0.040356,-0.038174,4281700
27-Apr-16,-0.003775,0.047919,0.057378,0.036223,-0.219482,6679200
28-Apr-16,0.008237,0.010974,0.072088,-0.006808,0.477138,16235400
29-Apr-16,-0.003268,0.045008,0.052199,0.03559,-0.190856,13052700
2-May-16,0.007213,0.044311,0.065098,0.042765,0.419883,9512000
3-May-16,0.005371,0.040243,0.059005,0.035638,0.314907,9316600
4-May-16,-0.005019,0.039945,0.045883,0.035025,-0.295826,8691400
5-May-16,0.014318,0.047066,0.063946,0.04161,0.839764,8646200
6-May-16,0.002727,0.042203,0.054811,0.03632,0.162224,10839700
9-May-16,0.019037,0.045404,0.070718,0.044063,1.135586,9917400
10-May-16,0.000628,0.044793,0.048906,0.041667,0.038169,12103400
11-May-16,-0.016316,0.048412,0.049398,0.029834,-0.992439,9375200
12-May-16,-0.003349,0.050593,0.054102,0.042737,-0.200397,9589500
13-May-16,-0.007841,0.042217,0.054123,0.036683,-0.467598,7339600
16-May-16,0.007258,0.046397,0.058398,0.039468,0.429428,6707400
17-May-16,-0.035228,0.047751,0.053624,-0.018363,-2.099404,31528900
18-May-16,0.003485,0.041309,0.057485,0.035918,0.200398,10622000
19-May-16,-0.019517,0.040986,0.046012,0.02088,-1.126041,9917900
20-May-16,0.006916,0.054106,0.06153,0.043499,0.391246,11259400
23-May-16,-0.006534,0.048972,0.050552,0.038087,-0.372162,6468900
24-May-16,0.023609,0.055517,0.07637,0.051806,1.33598,8888100
25-May-16,0.008567,0.054479,0.061212,0.049472,0.496227,5857600
26-May-16,0.011108,0.044153,0.06418,0.042441,0.648911,6537100
27-May-16,0.013085,0.049442,0.069926,0.047918,0.772949,5750600
31-May-16,0.003508,0.047919,0.060953,0.046749,0.209942,7147900
1-Jun-16,-0.001589,0.047919,0.051915,0.042923,-0.095425,5284400
2-Jun-16,0.03597,0.048586,0.086613,0.047919,2.156654,11628000
3-Jun-16,-0.001383,0.042606,0.052426,0.026345,-0.085887,10621600
6-Jun-16,-0.033538,0.001649,0.015514,-0.002543,-2.080311,16403400
7-Jun-16,0.004457,0.044082,0.060763,0.039244,0.267193,10980100
8-Jun-16,-0.021712,0.033138,0.034633,0.019188,-1.307351,13173000
9-Jun-16,-0.015876,0.044014,0.055388,0.027378,-0.935188,11503700
10-Jun-16,0.004115,0.034809,0.052403,0.030151,0.238568,11052300
13-Jun-16,-0.017541,0.038642,0.054618,0.028163,-1.021065,11673600
14-Jun-16,-0.000501,0.0397,0.055787,0.034454,-0.02863,11560200
15-Jun-16,0.008347,0.054741,0.071886,0.049843,0.477131,7739300
16-Jun-16,0.008278,0.039764,0.057287,0.039417,0.477143,7011200
17-Jun-16,-0.014614,0.047574,0.049123,0.025033,-0.849308,12574700
20-Jun-16,0.001666,0.05892,0.06835,0.048792,0.095432,7076500
21-Jun-16,-0.002163,0.049488,0.052974,0.041642,-0.124058,6366500
22-Jun-16,0.006836,0.048268,0.068884,0.04687,0.391247,6718600
23-Jun-16,0.015234,0.056074,0.064056,0.05191,0.877933,5328200
24-Jun-16,-0.02365,0.01288,0.035783,0.011512,-1.383693,9878500
27-Jun-16,-0.019713,0.039516,0.044767,0.021134,-1.126042,7945500
28-Jun-16,0.022324,0.058633,0.073813,0.056312,1.250096,9897600
29-Jun-16,0.030338,0.058225,0.083554,0.052111,1.736778,9308000
30-Jun-16,0.001618,0.047579,0.051479,0.036559,0.095428,7920600
1-Jul-16,0.012922,0.049103,0.070092,0.046564,0.763413,6533700
5-Jul-16,-0.012598,0.044409,0.047919,0.032211,-0.753872,6293600
6-Jul-16,0.023417,0.046565,0.079058,0.045888,1.383694,9202200
7-Jul-16,0.000947,0.051722,0.054202,0.045273,0.057254,7081900
8-Jul-16,0.011509,0.048745,0.065266,0.036519,0.696629,7921700
11-Jul-16,0.002961,0.049388,0.061475,0.046448,0.181305,9641500
12-Jul-16,0.017871,0.05313,0.071694,0.04743,1.097412,11870500
13-Jul-16,-0.002464,0.036879,0.040559,0.02792,-0.154026,7684200
14-Jul-16,-0.017755,0.021638,0.028695,0.009449,-1.107048,12090100
15-Jul-16,-0.004715,0.042065,0.04778,0.030799,-0.288792,8827500
18-Jul-16,0.00379,0.037323,0.046182,0.036503,0.231038,6384800
19-Jul-16,-0.003776,0.036348,0.0455,0.031118,-0.231038,5794500
20-Jul-16,0.001421,0.042901,0.048315,0.038963,0.086636,7502800
21-Jul-16,0.00757,0.035851,0.048465,0.034868,0.462074,6145500
22-Jul-16,-0.001252,0.040588,0.042051,0.033759,-0.077011,4972900
25-Jul-16,0.007992,0.040427,0.050032,0.037171,0.490952,7241200
26-Jul-16,0.002021,0.040253,0.045421,0.032985,0.125141,4885200
27-Jul-16,0.006982,0.038316,0.049437,0.036704,0.433197,6220400
28-Jul-16,-0.002773,0.037039,0.04136,0.023273,-0.173275,6556100
29-Jul-16,0.023331,0.047627,0.065764,0.045701,1.453606,10525000
1-Aug-16,0.01072,0.038799,0.052131,0.038799,0.683479,7599000
2-Aug-16,-0.00239,0.038644,0.040661,0.024988,-0.154038,8763200
3-Aug-16,-0.003145,0.039266,0.042222,0.030088,-0.202156,6355100
4-Aug-16,-0.00706,0.038955,0.045197,0.031153,-0.452434,4901900
5-Aug-16,0.006656,0.039585,0.046657,0.039114,0.423557,5045600
8-Aug-16,-0.003006,0.036301,0.040829,0.026466,-0.192528,5309300
9-Aug-16,0.006331,0.038799,0.053049,0.03739,0.40432,5717300
10-Aug-16,-0.004943,0.037866,0.041911,0.02993,-0.317673,4506100
11-Aug-16,0.007828,0.045523,0.049433,0.043021,0.500565,4246600
12-Aug-16,0.003585,0.037403,0.045626,0.032593,0.231048,5215400
15-Aug-16,0.002977,0.043128,0.053178,0.040809,0.192528,5215400
16-Aug-16,-0.009645,0.034791,0.04219,0.02508,-0.625732,7147600
17-Aug-16,0.001349,0.038021,0.048294,0.032729,0.086647,7945400
18-Aug-16,-0.000898,0.034758,0.048126,0.034447,-0.05777,8205800
19-Aug-16,0.004942,0.035688,0.045178,0.034754,0.31768,6709400
22-Aug-16,-0.001341,0.04205,0.049481,0.036013,-0.086631,7884800
23-Aug-16,-0.012536,0.042675,0.04624,0.022987,-0.808632,10227800
24-Aug-16,-0.016775,0.040997,0.044451,0.01792,-1.068535,8551100
25-Aug-16,-0.005226,0.03848,0.044707,0.026185,-0.327301,6379000
26-Aug-16,-0.0017,0.038157,0.043614,0.030613,-0.105896,7041600
29-Aug-16,-0.001548,0.042497,0.046517,0.032047,-0.09626,5099200
30-Aug-16,-0.005426,0.039282,0.04202,0.032358,-0.33693,5531800
31-Aug-16,-0.000935,0.039609,0.043495,0.028113,-0.057762,6750000
1-Sep-16,-0.001092,0.038799,0.039448,0.030858,-0.067386,5126700
2-Sep-16,0.001406,0.044315,0.0461,0.036204,0.086647,4100800
6-Sep-16,0.007642,0.048196,0.051436,0.037665,0.471691,6286300
7-Sep-16,0.005572,0.034941,0.047321,0.033654,0.346554,5714300
8-Sep-16,-0.014007,0.02265,0.025688,0.014336,-0.876015,8238800
9-Sep-16,-0.010927,0.025178,0.037826,0.022583,-0.673847,8848500
12-Sep-16,0.011364,0.032569,0.053063,0.027323,0.693107,6653000
13-Sep-16,-0.011548,0.031991,0.039934,0.021453,-0.71236,7640400
14-Sep-16,0,0.039947,0.048967,0.034207,0,5890000
15-Sep-16,0.000158,0.036011,0.046671,0.031911,0.009624,7806800
16-Sep-16,-0.001263,0.041751,0.046014,0.035848,-0.077014,11165300
19-Sep-16,-0.00569,0.044546,0.046023,0.031575,-0.34655,7903500
20-Sep-16,0.005881,0.04623,0.049367,0.036322,0.356174,4826500
21-Sep-16,0.012958,0.042247,0.054723,0.037486,0.789375,7587400
22-Sep-16,0.015289,0.039123,0.056626,0.038475,0.943402,5416100
23-Sep-16,-0.001537,0.03832,0.04279,0.033532,-0.096272,5154200
26-Sep-16,-0.014004,0.031446,0.037201,0.023452,-0.876015,5567700
27-Sep-16,0.007804,0.036854,0.049825,0.032638,0.481331,4358300
28-Sep-16,-0.00542,0.044752,0.044752,0.027859,-0.336929,5645600
29-Sep-16,-0.0218,0.040093,0.040255,0.01583,-1.347706,6431200
30-Sep-16,0.00398,0.036319,0.046075,0.032681,0.240662,7325400
3-Oct-16,0.002537,0.037976,0.042423,0.025293,0.154022,4239600
4-Oct-16,-0.003638,0.040114,0.043728,0.027628,-0.221409,4719400
5-Oct-16,0.006191,0.040118,0.051166,0.038799,0.375435,4442500
6-Oct-16,-0.008834,0.03503,0.03585,0.025198,-0.539085,4446100
7-Oct-16,0.001592,0.043263,0.051199,0.033343,0.096264,3812700
10-Oct-16,0.006039,0.04111,0.05085,0.038634,0.36581,3135300
11-Oct-16,-0.014532,0.035025,0.037979,0.018125,-0.885639,5308400
12-Oct-16,-0.009867,0.032306,0.036135,0.015989,-0.592629,4563800
13-Oct-16,-0.00098,0.025105,0.036035,0.020396,-0.058292,5988600
14-Oct-16,-0.016026,0.034358,0.035537,0.012476,-0.952103,5606500
17-Oct-16,-0.000498,0.028111,0.038546,0.024006,-0.02914,6138700
18-Oct-16,0.023445,0.037524,0.054639,0.033759,1.36985,6655100
19-Oct-16,-0.00195,0.037503,0.03951,0.022954,-0.116581,5588900
20-Oct-16,0.005372,0.029644,0.038524,0.027633,0.320602,4391300
21-Oct-16,-0.01263,0.022976,0.023976,0.010809,-0.757789,4341700
24-Oct-16,0.002296,0.031841,0.041124,0.029984,0.136017,3934800
25-Oct-16,0.007035,0.028298,0.038403,0.026446,0.417751,6432800
26-Oct-16,-0.008611,0.02864,0.031984,0.015261,-0.514908,4560800
27-Oct-16,0.007211,0.036562,0.041117,0.022224,0.427467,6612500
28-Oct-16,-0.062805,-0.036174,-0.022106,-0.077876,-3.750087,24865300
31-Oct-16,-0.031597,0.019659,0.023948,-0.004287,-1.768177,14185800
1-Nov-16,0.012011,0.033368,0.044625,0.027463,0.65092,9799400
2-Nov-16,0.006023,0.029491,0.042802,0.028397,0.330323,9746200
3-Nov-16,-0.015848,0.03529,0.038371,0.012271,-0.874375,9842600
4-Nov-16,0.002684,0.032624,0.047357,0.02894,0.145733,11187000
7-Nov-16,0.051213,0.043452,0.12335,0.040329,2.788277,17763100
8-Nov-16,-0.001698,0.027387,0.04154,0.013933,-0.097153,9343000
9-Nov-16,0.065125,0.121896,0.132222,0.057312,3.720944,18694000
10-Nov-16,0.021711,0.03621,0.06891,0.031774,1.321277,15948700
11-Nov-16,-0.014063,0.021911,0.026896,0.009848,-0.874374,10013200
14-Nov-16,-0.00206,0.034202,0.038117,0.015443,-0.126297,8315700
15-Nov-16,-0.001588,0.036174,0.036174,0.013126,-0.097157,5610300
16-Nov-16,-0.021155,0.026034,0.030946,0.005569,-1.292125,6571200
17-Nov-16,0.0026,0.032821,0.036835,0.022451,0.155445,4879500
18-Nov-16,-0.019125,0.028475,0.036649,0.007455,-1.146405,7023200
21-Nov-16,-0.001652,0.03237,0.034071,0.023866,-0.097152,6328300
22-Nov-16,-0.024661,0.030501,0.031694,-0.001526,-1.447575,8518600
23-Nov-16,0.021212,0.027213,0.054635,0.023545,1.214413,5546600
25-Nov-16,0.005483,0.026914,0.03769,0.020586,0.320598,2941600
28-Nov-16,-0.017353,0.005834,0.019613,0.003793,-1.020103,6274600
29-Nov-16,0.035822,0.033463,0.07501,0.030347,2.069355,11858800
30-Nov-16,-0.012827,0.029977,0.033487,0.013265,-0.767509,9025200
1-Dec-16,-0.026974,0.029817,0.029817,-0.005397,-1.5933,8266200
2-Dec-16,0.004564,0.029831,0.043924,0.025655,0.262314,8020700
5-Dec-16,0.024062,0.032253,0.060311,0.031733,1.389278,10227700
6-Dec-16,0.012488,0.027617,0.043854,0.020345,0.738357,7610400
7-Dec-16,-0.026452,0.006591,0.013106,-0.017797,-1.583583,13095600
8-Dec-16,0.015169,0.029823,0.046295,0.013867,0.88409,9192300
9-Dec-16,0.010509,0.03421,0.046717,0.029647,0.621777,7102900
12-Dec-16,0.008125,0.029141,0.044529,0.028807,0.485763,5984500
13-Dec-16,-0.000806,0.03412,0.035945,0.018027,-0.04858,8599600
14-Dec-16,-0.005162,0.022003,0.034456,0.021339,-0.310886,5115700
15-Dec-16,0.005675,0.031478,0.036653,0.027306,0.340034,6416900
16-Dec-16,0.003225,0.030968,0.037109,0.026155,0.194302,10555800
19-Dec-16,0,0.03179,0.047672,0.027654,0,5976800
20-Dec-16,-0.000964,0.031294,0.037415,0.021534,-0.058289,5751800
21-Dec-16,-0.011422,0.030468,0.033448,0.017221,-0.689785,5498700
22-Dec-16,0.003417,0.031486,0.037181,0.027634,0.204018,5626000
23-Dec-16,0.011028,0.031312,0.041662,0.026137,0.660644,4795900
27-Dec-16,0.002567,0.032281,0.040536,0.030464,0.155442,5396200
28-Dec-16,-0.00368,0.029473,0.033426,0.025191,-0.22345,5190400
29-Dec-16,0.007387,0.031292,0.042367,0.031292,0.446903,4990000
30-Dec-16,-0.001754,0.029309,0.03259,0.024058,-0.106869,5999200
3-Jan-17,-0.003354,0.03424,0.036048,0.018131,-0.204017,9328200
4-Jan-17,0.0141,0.033102,0.052233,0.033102,0.854938,8674800
5-Jan-17,0.007584,0.030772,0.040043,0.02508,0.466332,5359400
6-Jan-17,0.000314,0.031084,0.033021,0.025273,0.019432,4722300
9-Jan-17,0.006584,0.02947,0.038829,0.028663,0.408039,8794500
10-Jan-17,-0.00218,0.026744,0.033958,0.022255,-0.136013,6523500
11-Jan-17,-0.036103,0.018224,0.022561,-0.026599,-2.247242,13565200
12-Jan-17,0.00229,0.01286,0.02386,0.007027,0.137386,8194400
13-Jan-17,0.011586,0.020191,0.037818,0.015202,0.696743,7295100
17-Jan-17,-0.002097,0.015082,0.019849,0.004397,-0.127571,8446700
18-Jan-17,-0.003233,0.01738,0.023639,0.010131,-0.196266,5519400
19-Jan-17,-0.004541,0.015556,0.022663,0.010103,-0.274769,5384200
20-Jan-17,-0.003747,0.019525,0.025502,0.014046,-0.225704,6730000
23-Jan-17,-0.003107,0.01686,0.02086,0.011195,-0.186459,5244700
24-Jan-17,-0.006234,0.018191,0.018525,-0.002537,-0.372902,6642000
25-Jan-17,0.013206,0.019363,0.036689,0.01499,0.785065,8052800
26-Jan-17,-0.001792,0.015374,0.02766,0.01388,-0.107948,7765300
27-Jan-17,-0.020728,-0.002095,0.018694,-0.010079,-1.246288,14151200
30-Jan-17,0.007167,0.017498,0.027009,0.006629,0.42197,7792700
31-Jan-17,0.011253,0.011944,0.034035,0.00756,0.667305,8149800
1-Feb-17,-0.0036,0.01836,0.01886,0.00502,-0.215893,5888700
2-Feb-17,0,0.01501,0.022876,0.012165,0,5365300
3-Feb-17,-0.003613,0.019194,0.021872,0.011496,-0.215897,6470300
6-Feb-17,-0.00033,0.01634,0.024066,0.013652,-0.019619,5358100
7-Feb-17,-0.001484,0.019027,0.022723,0.014826,-0.088321,4210300
8-Feb-17,-0.000661,0.01196,0.026767,0.010445,-0.039257,5357800
9-Feb-17,0.005288,0.019027,0.027109,0.017343,0.314026,4324600
10-Feb-17,-0.006903,0.019194,0.021707,0.00948,-0.412156,5749200
13-Feb-17,0.001489,0.021725,0.026448,0.019196,0.088315,6396000
14-Feb-17,0.005123,0.017848,0.026942,0.012964,0.304218,13562200
15-Feb-17,0.013647,0.020702,0.036117,0.01199,0.814499,8927600
16-Feb-17,-0.002758,0.019357,0.023324,0.005142,-0.166828,5662000
17-Feb-17,0.004717,0.020021,0.028972,0.013889,0.284591,8124400
21-Feb-17,0.000971,0.020182,0.024636,0.014573,0.05888,8503500
22-Feb-17,-0.007602,0.017214,0.021005,0.010292,-0.461227,6422200
23-Feb-17,0.009452,0.024341,0.033641,0.020522,0.569172,8057700
24-Feb-17,0.002422,0.018698,0.023798,0.011624,0.147197,6536400
27-Feb-17,0.002094,0.017878,0.023622,0.012298,0.127571,5214100
28-Feb-17,-0.006107,0.017225,0.021975,0.010347,-0.372901,6756100
1-Mar-17,0.016009,0.0243,0.036988,0.020839,0.971515,7737400
2-Mar-17,0.006685,0.018216,0.031515,0.015296,0.412159,8190000
3-Mar-17,0.001423,0.016771,0.023538,0.01226,0.088314,6125800
6-Mar-17,0.003315,0.013557,0.027232,0.011626,0.206082,6837000
7-Mar-17,0.002203,0.012452,0.028488,0.009727,0.137386,9638000
8-Mar-17,0.007065,0.019987,0.034867,0.015987,0.441597,7049700
9-Mar-17,0.005613,0.019027,0.028242,0.017597,0.353279,6957000
10-Mar-17,0.021395,0.031666,0.049835,0.028664,1.354229,12788100
13-Mar-17,-0.000455,0.018872,0.019955,0.010056,-0.029434,7577400
14-Mar-17,-0.002734,0.019491,0.022122,0.015158,-0.176644,3727200
15-Mar-17,0.0134,0.019492,0.036406,0.019182,0.863572,5241200
16-Mar-17,-0.009767,0.01673,0.017496,0.003715,-0.637864,5162800
17-Mar-17,-0.003187,0.021192,0.021965,0.012842,-0.206077,11288000
20-Mar-17,0.001675,0.020423,0.023991,0.01701,0.107948,4252100
21-Mar-17,-0.006839,0.021505,0.022124,0.007257,-0.441604,5187400
22-Mar-17,0.002601,0.019495,0.024952,0.015129,0.166824,5662600
23-Mar-17,0.001984,0.019027,0.027581,0.016539,0.127579,4099500
24-Mar-17,-0.000457,0.016854,0.026167,0.013905,-0.029435,4056300
27-Mar-17,0.007315,0.015145,0.029276,0.013126,0.471032,4962300
28-Mar-17,-0.001815,0.016869,0.020723,0.011935,-0.11776,5067400
29-Mar-17,-0.003183,0.018563,0.023506,0.014394,-0.206085,3649900
30-Mar-17,-0.004713,0.018872,0.019802,0.01097,-0.304207,3749600
31-Mar-17,-0.004583,0.019027,0.019961,0.014201,-0.294392,4057800
3-Apr-17,-0.001995,0.020278,0.025751,0.014648,-0.127575,5229600
4-Apr-17,0.00123,0.020437,0.023258,0.015893,0.078503,3457900
5-Apr-17,-0.002304,0.020905,0.0292,0.015114,-0.147202,4396300
6-Apr-17,0.001847,0.020125,0.022635,0.014164,0.117764,4628400
7-Apr-17,0.007068,0.018714,0.032336,0.015112,0.451408,6089300
10-Apr-17,-0.008697,0.018405,0.022758,0.009232,-0.559356,7136200
11-Apr-17,-0.002332,0.010557,0.010557,-0.006853,-0.148663,5404500
12-Apr-17,0.00296,0.008831,0.012605,0.000971,0.188309,6122000
13-Apr-17,-0.003729,0.006951,0.014475,0.004443,-0.23787,3896700
17-Apr-17,0.002807,0.019373,0.022205,0.007887,0.178399,4189500
18-Apr-17,-0.010263,0.004596,0.00538,-0.009682,-0.654118,4755800
19-Apr-17,-0.003142,0.012952,0.013427,0.003599,-0.198219,4057100
20-Apr-17,0.005201,0.013282,0.017735,0.006444,0.32706,5708600
21-Apr-17,0.000627,0.008672,0.017057,0.00535,0.039643,4154900
24-Apr-17,0.013162,0.018159,0.030174,0.015945,0.832523,7121000
25-Apr-17,0.006805,0.013358,0.024125,0.011485,0.436073,5352900
26-Apr-17,-0.000922,0.010384,0.021698,0.007749,-0.059463,5008900
27-Apr-17,0.015836,0.015349,0.047152,0.01023,1.020821,11692900
28-Apr-17,-0.001968,0.008836,0.012807,-0.000632,-0.128838,5521100
1-May-17,0.008189,0.009907,0.020159,0.008989,0.535194,4575800
2-May-17,0.002256,0.009444,0.012024,0.004435,0.148659,4342800
3-May-17,0.001651,0.006263,0.012774,0.002629,0.109017,4993400
4-May-17,0.007342,0.008989,0.018967,0.007175,0.485641,4287400
5-May-17,-0.00357,0.008388,0.008839,-0.004669,-0.237869,4587800
8-May-17,-0.011643,0.008236,0.008386,-0.003814,-0.773049,4497400
9-May-17,-0.000604,0.008836,0.020266,0.003655,-0.039642,4395200
10-May-17,-0.002871,0.008836,0.009904,-0.003362,-0.188309,5140200
11-May-17,-0.010306,0.007765,0.008683,-0.011197,-0.673935,7853800
12-May-17,0.011638,0.008525,0.022741,0.007598,0.75322,6093500
15-May-17,0.009234,0.009142,0.021055,0.007309,0.604568,8527900
16-May-17,0.0027,0.009897,0.012772,0.003843,0.178399,6313500
17-May-17,-0.022139,0.008989,0.008989,-0.02482,-1.466813,12771400
18-May-17,0.003977,0.008989,0.020256,0.006365,0.257676,6001000
19-May-17,-0.000762,0.01068,0.014831,0.004069,-0.049546,6731800
22-May-17,-0.002135,0.008527,0.009604,-0.003012,-0.138755,5541700
23-May-17,0.006112,0.008989,0.021632,0.008835,0.39643,4676500
24-May-17,0.001367,0.008223,0.01328,0.004851,0.089203,3174600
25-May-17,0.005915,0.010978,0.018783,0.006999,0.386521,4058300
26-May-17,-0.00392,0.00625,0.010358,0.001838,-0.257683,4064900
30-May-17,-0.000605,0.006392,0.011127,0.00517,-0.039642,4803900
31-May-17,0,0.012351,0.014949,0.002723,0,6935800
1-Jun-17,0.010451,0.012657,0.019687,0.010517,0.683853,4554700
2-Jun-17,0.008095,0.010501,0.018064,0.007628,0.535194,5646000
5-Jun-17,0.003866,0.008989,0.018141,0.003437,0.257683,4918100
6-Jun-17,0.005333,0.00854,0.017807,0.006896,0.356796,5494500
7-Jun-17,0.012966,0.01107,0.030545,0.01107,0.872154,8406300
8-Jun-17,0.000145,0.008989,0.013392,0.002825,0.009911,6082500
9-Jun-17,0.013234,0.009576,0.02469,0.008402,0.901894,6159800
12-Jun-17,-0.00201,0.010727,0.01232,0.002906,-0.138756,6084300
13-Jun-17,0.002014,0.010295,0.016245,0.007393,0.138756,5269000
14-Jun-17,0.0122,0.006237,0.025209,0.004644,0.842422,6639100
15-Jun-17,0.001134,0.006413,0.010849,-0.000168,0.079292,4682700
16-Jun-17,0.006374,0.011847,0.01642,0.007417,0.445992,9342300
19-Jun-17,0.004082,0.009841,0.016657,0.007427,0.287415,6396300
20-Jun-17,-0.001682,0.010403,0.015636,0.006443,-0.118927,6542800
21-Jun-17,0.001685,0.00743,0.015789,0.00658,0.118927,6096800
22-Jun-17,0.025792,0.01111,0.041943,0.009979,1.823608,9998900
23-Jun-17,-0.007379,0.009264,0.013263,-0.003696,-0.535187,7064500
26-Jun-17,0.001377,0.011072,0.013156,0.005794,0.099106,4019500
27-Jun-17,-0.004812,0.008434,0.013428,0.002192,-0.346878,4490600
28-Jun-17,0.007321,0.013588,0.025018,0.011637,0.525276,4196200
29-Jun-17,-0.006034,0.012171,0.012448,-0.004986,-0.436073,4444700
30-Jun-17,0.000414,0.010242,0.013722,0.00523,0.029732,4683100
3-Jul-17,-0.001241,0.012468,0.015668,0.007041,-0.089203,2570700
5-Jul-17,0.000829,0.009825,0.013447,0.002998,0.059471,4751900
6-Jul-17,-0.010348,0.005648,0.008571,-0.005907,-0.743324,4372100
7-Jul-17,0.004182,0.014334,0.014334,0.007582,0.297325,4333700
10-Jul-17,-0.002777,0.005767,0.01165,0.002685,-0.198212,3158300
11-Jul-17,0.000139,0.009831,0.013765,0.001965,0.009903,3535100
12-Jul-17,0.009551,0.004354,0.013062,0.001405,0.68,4860200
13-Jul-17,0.010434,0.000835,0.01419,-0.002922,0.75,5189800
14-Jul-17,0.006609,-0.000138,0.008261,-0.001652,0.480004,4335700
17-Jul-17,-0.005608,-0.000137,0.004924,-0.005745,-0.410004,3461600
18-Jul-17,-0.006465,-0.000963,0.002201,-0.013067,-0.469994,5269100
19-Jul-17,0.007476,0.003461,0.007476,-0.002907,0.539994,3904100
20-Jul-17,0.01704,0.003023,0.019926,0.002336,1.240005,5329700
21-Jul-17,0.008377,-0.000405,0.013917,-0.002162,0.619995,4961500
24-Jul-17,-0.009648,0,0.001608,-0.010586,-0.719993,5497800
25-Jul-17,-0.018807,0.00663,0.008659,-0.019483,-1.390007,6354200
26-Jul-17,0.000965,-0.002068,0.002344,-0.00786,0.069999,4877000
27-Jul-17,-0.011847,0.002617,0.002893,-0.023557,-0.859993,7389300
28-Jul-17,-0.017984,-0.001255,0.009898,-0.032762,-1.290001,8012400
31-Jul-17,-0.007524,0.001136,0.001988,-0.00866,-0.529998,7770400
1-Aug-17,0.006723,0.001716,0.013303,-0.000858,0.469993,6681700
2-Aug-17,0.004689,-0.001847,0.005115,-0.006394,0.330002,4922200
3-Aug-17,0.00396,-0.001414,0.004243,-0.00495,0.279999,4400400
4-Aug-17,0,0.002536,0.005353,-0.009015,0,4732500
7-Aug-17,0.00324,-0.000704,0.003381,-0.00493,0.230003,3551100
8-Aug-17,0.00351,0.001545,0.009688,-0.002949,0.25,4398000
9-Aug-17,0.007695,-0.002938,0.009375,-0.005177,0.549996,4536300
10-Aug-17,-0.021938,-0.000139,0.002361,-0.022633,-1.579995,5940300
11-Aug-17,0.002697,0.004259,0.008092,-0.000142,0.189995,3248300
14-Aug-17,0.00269,0.008495,0.009345,0.000991,0.190003,2648800
15-Aug-17,-0.006778,0.003671,0.004518,-0.007625,-0.480004,3724100
16-Aug-17,0.001137,0.002133,0.005829,-0.00327,0.080002,4751600
17-Aug-17,-0.008094,0.002556,0.003692,-0.008378,-0.57,5086000
18-Aug-17,0.001575,-0.004724,0.008447,-0.00544,0.110001,4016400
21-Aug-17,0.010577,-0.000572,0.012436,-0.000715,0.739998,4666400
22-Aug-17,0.014852,0.00297,0.01669,0.000849,1.050003,3589000
23-Aug-17,-0.003206,-0.006411,0.002091,-0.00669,-0.230003,3071300
24-Aug-17,0.008249,0.002796,0.011046,-0.001678,0.590004,4088300
25-Aug-17,0.005131,0.001525,0.009291,0.001387,0.370002,3871200
28-Aug-17,0.011589,0.002621,0.015039,0.001104,0.839997,4574400
29-Aug-17,0.007774,-0.007365,0.007911,-0.007365,0.569999,3390800
30-Aug-17,0.000406,-0.003654,0.003925,-0.004195,0.029999,3189100
31-Aug-17,0.018669,0.00257,0.020022,0,1.380005,6177600
1-Sep-17,0.001594,0.003851,0.009296,-0.000531,0.119995,3831700
